{
  "_format": "hh-sol-cache-2",
  "files": {
    "C:\\Users\\vince\\Desktop\\migrationv4\\contracts\\TokenV1.sol": {
      "lastModificationDate": 1651501154003,
      "contentHash": "105fbabd139d785d0e40ef7c9b6886c9",
      "sourceName": "contracts/TokenV1.sol",
      "solcConfig": {
        "version": "0.8.11",
        "settings": {
          "optimizer": {
            "enabled": false,
            "runs": 200
          },
          "outputSelection": {
            "*": {
              "*": [
                "abi",
                "evm.bytecode",
                "evm.deployedBytecode",
                "evm.methodIdentifiers",
                "metadata",
                "storageLayout"
              ],
              "": [
                "ast"
              ]
            }
          }
        }
      },
      "imports": [],
      "versionPragmas": [
        "^0.8.11"
      ],
      "artifacts": [
        "AddressUpgradeable",
        "ContextUpgradeable",
        "IBEP20",
        "IUniswapV2Factory",
        "IUniswapV2Pair",
        "IUniswapV2Router01",
        "IUniswapV2Router02",
        "Initializable",
        "OwnableUpgradeable",
        "SafeMathUpgradeable",
        "Test1111"
      ]
    },
    "C:\\Users\\vince\\Desktop\\migrationv4\\contracts\\TokenV3.sol": {
      "lastModificationDate": 1652632246730,
      "contentHash": "a507c3fcdfcf2f5f210e2935417b2199",
      "sourceName": "contracts/TokenV3.sol",
      "solcConfig": {
        "version": "0.8.11",
        "settings": {
          "optimizer": {
            "enabled": false,
            "runs": 200
          },
          "outputSelection": {
            "*": {
              "*": [
                "abi",
                "evm.bytecode",
                "evm.deployedBytecode",
                "evm.methodIdentifiers",
                "metadata",
                "storageLayout"
              ],
              "": [
                "ast"
              ]
            }
          }
        }
      },
      "imports": [],
      "versionPragmas": [
        "^0.8.11"
      ],
      "artifacts": [
        "AddressUpgradeable",
        "BEP20",
        "Coin11",
        "ContextUpgradeable",
        "IBEP20",
        "IBEP20Metadata",
        "IUniswapV2Factory",
        "IUniswapV2Pair",
        "IUniswapV2Router01",
        "IUniswapV2Router02",
        "Initializable",
        "OwnableUpgradeable",
        "SafeMathUpgradeable"
      ]
    }
  }
}
