{
  "version": "3.2",
  "log": [
    {
      "AddressUpgradeable": {
        "src": "contracts\\TokenV3.sol:329",
        "version": {
          "withMetadata": "8fdccf0f2e2f55d5484d37eec52118e708ed789eeba3b1df5d9d93aa77ab88bc",
          "withoutMetadata": "08d24783a787f8a51dea0c166bb6f91a4f0865e02d03d749f102d332e6ead0ff",
          "linkedWithoutMetadata": "08d24783a787f8a51dea0c166bb6f91a4f0865e02d03d749f102d332e6ead0ff"
        },
        "inherit": [],
        "libraries": [],
        "methods": [],
        "linkReferences": [],
        "errors": [],
        "layout": {
          "storage": [],
          "types": {},
          "layoutVersion": "1.1",
          "flat": false
        }
      },
      "BEP20": {
        "src": "contracts\\TokenV3.sol:740",
        "version": {
          "withMetadata": "7983c6e76e31c4135474d5ae46c5adf4cff23c97d9c1b2b8e7fdfd8f29679521",
          "withoutMetadata": "27c3efd4fe5a99650146df05744f0a97624f075ca24eff9d291c78e965ecb12b",
          "linkedWithoutMetadata": "27c3efd4fe5a99650146df05744f0a97624f075ca24eff9d291c78e965ecb12b"
        },
        "inherit": [
          "IBEP20Metadata",
          "IBEP20",
          "ContextUpgradeable",
          "Initializable"
        ],
        "libraries": [],
        "methods": [
          "()",
          "name()",
          "symbol()",
          "decimals()",
          "totalSupply()",
          "balanceOf(address)",
          "transfer(address,uint256)",
          "allowance(address,address)",
          "approve(address,uint256)",
          "transferFrom(address,address,uint256)",
          "increaseAllowance(address,uint256)",
          "decreaseAllowance(address,uint256)"
        ],
        "linkReferences": [],
        "errors": [],
        "layout": {
          "storage": [
            {
              "label": "_initialized",
              "offset": 0,
              "slot": "0",
              "type": "t_uint8",
              "contract": "Initializable",
              "src": "contracts\\TokenV3.sol:523",
              "retypedFrom": "bool"
            },
            {
              "label": "_initializing",
              "offset": 1,
              "slot": "0",
              "type": "t_bool",
              "contract": "Initializable",
              "src": "contracts\\TokenV3.sol:528"
            },
            {
              "label": "__gap",
              "offset": 0,
              "slot": "1",
              "type": "t_array(t_uint256)50_storage",
              "contract": "ContextUpgradeable",
              "src": "contracts\\TokenV3.sol:630"
            },
            {
              "label": "_balances",
              "offset": 0,
              "slot": "51",
              "type": "t_mapping(t_address,t_uint256)",
              "contract": "BEP20",
              "src": "contracts\\TokenV3.sol:741"
            },
            {
              "label": "_allowances",
              "offset": 0,
              "slot": "52",
              "type": "t_mapping(t_address,t_mapping(t_address,t_uint256))",
              "contract": "BEP20",
              "src": "contracts\\TokenV3.sol:743"
            },
            {
              "label": "_totalSupply",
              "offset": 0,
              "slot": "53",
              "type": "t_uint256",
              "contract": "BEP20",
              "src": "contracts\\TokenV3.sol:745"
            },
            {
              "label": "_name",
              "offset": 0,
              "slot": "54",
              "type": "t_string_storage",
              "contract": "BEP20",
              "src": "contracts\\TokenV3.sol:747"
            },
            {
              "label": "_symbol",
              "offset": 0,
              "slot": "55",
              "type": "t_string_storage",
              "contract": "BEP20",
              "src": "contracts\\TokenV3.sol:748"
            }
          ],
          "types": {
            "t_address": {
              "label": "address",
              "numberOfBytes": "20"
            },
            "t_array(t_uint256)50_storage": {
              "label": "uint256[50]",
              "numberOfBytes": "1600"
            },
            "t_bool": {
              "label": "bool",
              "numberOfBytes": "1"
            },
            "t_mapping(t_address,t_mapping(t_address,t_uint256))": {
              "label": "mapping(address => mapping(address => uint256))",
              "numberOfBytes": "32"
            },
            "t_mapping(t_address,t_uint256)": {
              "label": "mapping(address => uint256)",
              "numberOfBytes": "32"
            },
            "t_string_storage": {
              "label": "string",
              "numberOfBytes": "32"
            },
            "t_uint256": {
              "label": "uint256",
              "numberOfBytes": "32"
            },
            "t_uint8": {
              "label": "uint8",
              "numberOfBytes": "1"
            }
          },
          "layoutVersion": "1.1",
          "flat": true
        }
      },
      "Coin11": {
        "src": "contracts\\TokenV3.sol:1282",
        "version": {
          "withMetadata": "a476babf2dde3f9c780d31e4eb3c30e354a61513ad1c2209ae1dfb96971f90ff",
          "withoutMetadata": "4ec52ed5d3483131386e1a237d448fe0e12da43581b63b262b7c976b066211d9",
          "linkedWithoutMetadata": "4ec52ed5d3483131386e1a237d448fe0e12da43581b63b262b7c976b066211d9"
        },
        "inherit": [
          "BEP20",
          "IBEP20Metadata",
          "IBEP20",
          "OwnableUpgradeable",
          "ContextUpgradeable",
          "Initializable"
        ],
        "libraries": [
          "SafeMathUpgradeable",
          "AddressUpgradeable"
        ],
        "methods": [
          "initialize()",
          "handleTax(address,address,uint256)",
          "triggerTax()",
          "burn(uint256)",
          "enableBlacklist(address)",
          "disableBlacklist(address)",
          "exclude(address)",
          "removeExclude(address)",
          "setBuyTax(uint256,uint256)",
          "setSellTax(uint256,uint256)",
          "setTaxWallets(address payable)",
          "enableTax()",
          "disableTax()",
          "isBlacklisted(address)",
          "isExcluded(address)",
          "updateRouterAndPair(address,address)",
          "()"
        ],
        "linkReferences": [],
        "errors": [],
        "layout": {
          "storage": [
            {
              "label": "_initialized",
              "offset": 0,
              "slot": "0",
              "type": "t_uint8",
              "contract": "Initializable",
              "src": "contracts\\TokenV3.sol:523",
              "retypedFrom": "bool"
            },
            {
              "label": "_initializing",
              "offset": 1,
              "slot": "0",
              "type": "t_bool",
              "contract": "Initializable",
              "src": "contracts\\TokenV3.sol:528"
            },
            {
              "label": "__gap",
              "offset": 0,
              "slot": "1",
              "type": "t_array(t_uint256)50_storage",
              "contract": "ContextUpgradeable",
              "src": "contracts\\TokenV3.sol:630"
            },
            {
              "label": "_owner",
              "offset": 0,
              "slot": "51",
              "type": "t_address",
              "contract": "OwnableUpgradeable",
              "src": "contracts\\TokenV3.sol:645"
            },
            {
              "label": "__gap",
              "offset": 0,
              "slot": "52",
              "type": "t_array(t_uint256)49_storage",
              "contract": "OwnableUpgradeable",
              "src": "contracts\\TokenV3.sol:710"
            },
            {
              "label": "_balances",
              "offset": 0,
              "slot": "101",
              "type": "t_mapping(t_address,t_uint256)",
              "contract": "BEP20",
              "src": "contracts\\TokenV3.sol:741"
            },
            {
              "label": "_allowances",
              "offset": 0,
              "slot": "102",
              "type": "t_mapping(t_address,t_mapping(t_address,t_uint256))",
              "contract": "BEP20",
              "src": "contracts\\TokenV3.sol:743"
            },
            {
              "label": "_totalSupply",
              "offset": 0,
              "slot": "103",
              "type": "t_uint256",
              "contract": "BEP20",
              "src": "contracts\\TokenV3.sol:745"
            },
            {
              "label": "_name",
              "offset": 0,
              "slot": "104",
              "type": "t_string_storage",
              "contract": "BEP20",
              "src": "contracts\\TokenV3.sol:747"
            },
            {
              "label": "_symbol",
              "offset": 0,
              "slot": "105",
              "type": "t_string_storage",
              "contract": "BEP20",
              "src": "contracts\\TokenV3.sol:748"
            },
            {
              "label": "initialSupply",
              "offset": 0,
              "slot": "106",
              "type": "t_uint256",
              "contract": "Coin11",
              "src": "contracts\\TokenV3.sol:1288"
            },
            {
              "label": "denominator",
              "offset": 0,
              "slot": "107",
              "type": "t_uint256",
              "contract": "Coin11",
              "src": "contracts\\TokenV3.sol:1290"
            },
            {
              "label": "swapThreshold",
              "offset": 0,
              "slot": "108",
              "type": "t_uint256",
              "contract": "Coin11",
              "src": "contracts\\TokenV3.sol:1292"
            },
            {
              "label": "marketingTaxBuy",
              "offset": 0,
              "slot": "109",
              "type": "t_uint256",
              "contract": "Coin11",
              "src": "contracts\\TokenV3.sol:1294"
            },
            {
              "label": "liquidityTaxBuy",
              "offset": 0,
              "slot": "110",
              "type": "t_uint256",
              "contract": "Coin11",
              "src": "contracts\\TokenV3.sol:1295"
            },
            {
              "label": "marketingTaxSell",
              "offset": 0,
              "slot": "111",
              "type": "t_uint256",
              "contract": "Coin11",
              "src": "contracts\\TokenV3.sol:1297"
            },
            {
              "label": "liquidityTaxSell",
              "offset": 0,
              "slot": "112",
              "type": "t_uint256",
              "contract": "Coin11",
              "src": "contracts\\TokenV3.sol:1298"
            },
            {
              "label": "_supply",
              "offset": 0,
              "slot": "113",
              "type": "t_uint256",
              "contract": "Coin11",
              "src": "contracts\\TokenV3.sol:1299"
            },
            {
              "label": "liquidityTaxWallet",
              "offset": 0,
              "slot": "114",
              "type": "t_address_payable",
              "contract": "Coin11",
              "src": "contracts\\TokenV3.sol:1301"
            },
            {
              "label": "marketingTaxWallet",
              "offset": 0,
              "slot": "115",
              "type": "t_address_payable",
              "contract": "Coin11",
              "src": "contracts\\TokenV3.sol:1303"
            },
            {
              "label": "blacklist",
              "offset": 0,
              "slot": "116",
              "type": "t_mapping(t_address,t_bool)",
              "contract": "Coin11",
              "src": "contracts\\TokenV3.sol:1307"
            },
            {
              "label": "excludeList",
              "offset": 0,
              "slot": "117",
              "type": "t_mapping(t_address,t_bool)",
              "contract": "Coin11",
              "src": "contracts\\TokenV3.sol:1308"
            },
            {
              "label": "buyTaxes",
              "offset": 0,
              "slot": "118",
              "type": "t_mapping(t_string_memory_ptr,t_uint256)",
              "contract": "Coin11",
              "src": "contracts\\TokenV3.sol:1310"
            },
            {
              "label": "sellTaxes",
              "offset": 0,
              "slot": "119",
              "type": "t_mapping(t_string_memory_ptr,t_uint256)",
              "contract": "Coin11",
              "src": "contracts\\TokenV3.sol:1311"
            },
            {
              "label": "taxWallets",
              "offset": 0,
              "slot": "120",
              "type": "t_address_payable",
              "contract": "Coin11",
              "src": "contracts\\TokenV3.sol:1312"
            },
            {
              "label": "taxStatus",
              "offset": 20,
              "slot": "120",
              "type": "t_bool",
              "contract": "Coin11",
              "src": "contracts\\TokenV3.sol:1315"
            },
            {
              "label": "uniswapV2Router02",
              "offset": 0,
              "slot": "121",
              "type": "t_contract(IUniswapV2Router02)2166",
              "contract": "Coin11",
              "src": "contracts\\TokenV3.sol:1317"
            },
            {
              "label": "uniswapV2Factory",
              "offset": 0,
              "slot": "122",
              "type": "t_contract(IUniswapV2Factory)1535",
              "contract": "Coin11",
              "src": "contracts\\TokenV3.sol:1318"
            },
            {
              "label": "uniswapV2Pair",
              "offset": 0,
              "slot": "123",
              "type": "t_contract(IUniswapV2Pair)1775",
              "contract": "Coin11",
              "src": "contracts\\TokenV3.sol:1319"
            },
            {
              "label": "marketingTokens",
              "offset": 0,
              "slot": "124",
              "type": "t_uint256",
              "contract": "Coin11",
              "src": "contracts\\TokenV3.sol:1347"
            },
            {
              "label": "liquidityTokens",
              "offset": 0,
              "slot": "125",
              "type": "t_uint256",
              "contract": "Coin11",
              "src": "contracts\\TokenV3.sol:1348"
            }
          ],
          "types": {
            "t_address": {
              "label": "address",
              "numberOfBytes": "20"
            },
            "t_address_payable": {
              "label": "address payable",
              "numberOfBytes": "20"
            },
            "t_array(t_uint256)49_storage": {
              "label": "uint256[49]",
              "numberOfBytes": "1568"
            },
            "t_array(t_uint256)50_storage": {
              "label": "uint256[50]",
              "numberOfBytes": "1600"
            },
            "t_bool": {
              "label": "bool",
              "numberOfBytes": "1"
            },
            "t_contract(IUniswapV2Factory)1535": {
              "label": "contract IUniswapV2Factory",
              "numberOfBytes": "20"
            },
            "t_contract(IUniswapV2Pair)1775": {
              "label": "contract IUniswapV2Pair",
              "numberOfBytes": "20"
            },
            "t_contract(IUniswapV2Router02)2166": {
              "label": "contract IUniswapV2Router02",
              "numberOfBytes": "20"
            },
            "t_mapping(t_address,t_bool)": {
              "label": "mapping(address => bool)",
              "numberOfBytes": "32"
            },
            "t_mapping(t_address,t_mapping(t_address,t_uint256))": {
              "label": "mapping(address => mapping(address => uint256))",
              "numberOfBytes": "32"
            },
            "t_mapping(t_address,t_uint256)": {
              "label": "mapping(address => uint256)",
              "numberOfBytes": "32"
            },
            "t_mapping(t_string_memory_ptr,t_uint256)": {
              "label": "mapping(string => uint256)",
              "numberOfBytes": "32"
            },
            "t_string_memory_ptr": {
              "label": "string",
              "numberOfBytes": "32"
            },
            "t_string_storage": {
              "label": "string",
              "numberOfBytes": "32"
            },
            "t_uint256": {
              "label": "uint256",
              "numberOfBytes": "32"
            },
            "t_uint8": {
              "label": "uint8",
              "numberOfBytes": "1"
            }
          },
          "layoutVersion": "1.1",
          "flat": true
        }
      },
      "ContextUpgradeable": {
        "src": "contracts\\TokenV3.sol:611",
        "inherit": [
          "Initializable"
        ],
        "libraries": [],
        "methods": [],
        "linkReferences": [],
        "errors": [],
        "layout": {
          "storage": [
            {
              "label": "_initialized",
              "offset": 0,
              "slot": "0",
              "type": "t_uint8",
              "contract": "Initializable",
              "src": "contracts\\TokenV3.sol:523",
              "retypedFrom": "bool"
            },
            {
              "label": "_initializing",
              "offset": 1,
              "slot": "0",
              "type": "t_bool",
              "contract": "Initializable",
              "src": "contracts\\TokenV3.sol:528"
            },
            {
              "label": "__gap",
              "offset": 0,
              "slot": "1",
              "type": "t_array(t_uint256)50_storage",
              "contract": "ContextUpgradeable",
              "src": "contracts\\TokenV3.sol:630"
            }
          ],
          "types": {
            "t_array(t_uint256)50_storage": {
              "label": "uint256[50]",
              "numberOfBytes": "1600"
            },
            "t_bool": {
              "label": "bool",
              "numberOfBytes": "1"
            },
            "t_uint256": {
              "label": "uint256",
              "numberOfBytes": "32"
            },
            "t_uint8": {
              "label": "uint8",
              "numberOfBytes": "1"
            }
          },
          "layoutVersion": "1.1",
          "flat": true
        }
      },
      "IBEP20": {
        "src": "contracts\\TokenV3.sol:9",
        "inherit": [],
        "libraries": [],
        "methods": [
          "totalSupply()",
          "balanceOf(address)",
          "transfer(address,uint256)",
          "allowance(address,address)",
          "approve(address,uint256)",
          "transferFrom(address,address,uint256)"
        ],
        "linkReferences": [],
        "errors": [],
        "layout": {
          "storage": [],
          "types": {},
          "layoutVersion": "1.1",
          "flat": false
        }
      },
      "IBEP20Metadata": {
        "src": "contracts\\TokenV3.sol:89",
        "inherit": [
          "IBEP20"
        ],
        "libraries": [],
        "methods": [
          "name()",
          "symbol()",
          "decimals()"
        ],
        "linkReferences": [],
        "errors": [],
        "layout": {
          "storage": [],
          "types": {},
          "layoutVersion": "1.1",
          "flat": false
        }
      },
      "IUniswapV2Factory": {
        "src": "contracts\\TokenV3.sol:1077",
        "inherit": [],
        "libraries": [],
        "methods": [
          "feeTo()",
          "feeToSetter()",
          "getPair(address,address)",
          "allPairs(uint256)",
          "allPairsLength()",
          "createPair(address,address)",
          "setFeeTo(address)",
          "setFeeToSetter(address)"
        ],
        "linkReferences": [],
        "errors": [],
        "layout": {
          "storage": [],
          "types": {},
          "layoutVersion": "1.1",
          "flat": false
        }
      },
      "IUniswapV2Pair": {
        "src": "contracts\\TokenV3.sol:1094",
        "inherit": [],
        "libraries": [],
        "methods": [
          "name()",
          "symbol()",
          "decimals()",
          "totalSupply()",
          "balanceOf(address)",
          "allowance(address,address)",
          "approve(address,uint256)",
          "transfer(address,uint256)",
          "transferFrom(address,address,uint256)",
          "DOMAIN_SEPARATOR()",
          "PERMIT_TYPEHASH()",
          "nonces(address)",
          "permit(address,address,uint256,uint256,uint8,bytes32,bytes32)",
          "MINIMUM_LIQUIDITY()",
          "factory()",
          "token0()",
          "token1()",
          "getReserves()",
          "price0CumulativeLast()",
          "price1CumulativeLast()",
          "kLast()",
          "mint(address)",
          "burn(address)",
          "swap(uint256,uint256,address,bytes)",
          "skim(address)",
          "sync()",
          "initialize(address,address)"
        ],
        "linkReferences": [],
        "errors": [],
        "layout": {
          "storage": [],
          "types": {},
          "layoutVersion": "1.1",
          "flat": false
        }
      },
      "IUniswapV2Router01": {
        "src": "contracts\\TokenV3.sol:1146",
        "inherit": [],
        "libraries": [],
        "methods": [
          "factory()",
          "WETH()",
          "addLiquidity(address,address,uint256,uint256,uint256,uint256,address,uint256)",
          "addLiquidityETH(address,uint256,uint256,uint256,address,uint256)",
          "removeLiquidity(address,address,uint256,uint256,uint256,address,uint256)",
          "removeLiquidityETH(address,uint256,uint256,uint256,address,uint256)",
          "removeLiquidityWithPermit(address,address,uint256,uint256,uint256,address,uint256,bool,uint8,bytes32,bytes32)",
          "removeLiquidityETHWithPermit(address,uint256,uint256,uint256,address,uint256,bool,uint8,bytes32,bytes32)",
          "swapExactTokensForTokens(uint256,uint256,address[],address,uint256)",
          "swapTokensForExactTokens(uint256,uint256,address[],address,uint256)",
          "swapExactETHForTokens(uint256,address[],address,uint256)",
          "swapTokensForExactETH(uint256,uint256,address[],address,uint256)",
          "swapExactTokensForETH(uint256,uint256,address[],address,uint256)",
          "swapETHForExactTokens(uint256,address[],address,uint256)",
          "quote(uint256,uint256,uint256)",
          "getAmountOut(uint256,uint256,uint256)",
          "getAmountIn(uint256,uint256,uint256)",
          "getAmountsOut(uint256,address[])",
          "getAmountsIn(uint256,address[])"
        ],
        "linkReferences": [],
        "errors": [],
        "layout": {
          "storage": [],
          "types": {},
          "layoutVersion": "1.1",
          "flat": false
        }
      },
      "IUniswapV2Router02": {
        "src": "contracts\\TokenV3.sol:1241",
        "inherit": [
          "IUniswapV2Router01"
        ],
        "libraries": [],
        "methods": [
          "removeLiquidityETHSupportingFeeOnTransferTokens(address,uint256,uint256,uint256,address,uint256)",
          "removeLiquidityETHWithPermitSupportingFeeOnTransferTokens(address,uint256,uint256,uint256,address,uint256,bool,uint8,bytes32,bytes32)",
          "swapExactTokensForTokensSupportingFeeOnTransferTokens(uint256,uint256,address[],address,uint256)",
          "swapExactETHForTokensSupportingFeeOnTransferTokens(uint256,address[],address,uint256)",
          "swapExactTokensForETHSupportingFeeOnTransferTokens(uint256,uint256,address[],address,uint256)"
        ],
        "linkReferences": [],
        "errors": [],
        "layout": {
          "storage": [],
          "types": {},
          "layoutVersion": "1.1",
          "flat": false
        }
      },
      "Initializable": {
        "src": "contracts\\TokenV3.sol:518",
        "inherit": [],
        "libraries": [
          "AddressUpgradeable"
        ],
        "methods": [],
        "linkReferences": [],
        "errors": [],
        "layout": {
          "storage": [
            {
              "label": "_initialized",
              "offset": 0,
              "slot": "0",
              "type": "t_uint8",
              "contract": "Initializable",
              "src": "contracts\\TokenV3.sol:523",
              "retypedFrom": "bool"
            },
            {
              "label": "_initializing",
              "offset": 1,
              "slot": "0",
              "type": "t_bool",
              "contract": "Initializable",
              "src": "contracts\\TokenV3.sol:528"
            }
          ],
          "types": {
            "t_bool": {
              "label": "bool",
              "numberOfBytes": "1"
            },
            "t_uint8": {
              "label": "uint8",
              "numberOfBytes": "1"
            }
          },
          "layoutVersion": "1.1",
          "flat": true
        }
      },
      "OwnableUpgradeable": {
        "src": "contracts\\TokenV3.sol:644",
        "inherit": [
          "ContextUpgradeable",
          "Initializable"
        ],
        "libraries": [],
        "methods": [
          "owner()",
          "renounceOwnership()",
          "transferOwnership(address)"
        ],
        "linkReferences": [],
        "errors": [],
        "layout": {
          "storage": [
            {
              "label": "_initialized",
              "offset": 0,
              "slot": "0",
              "type": "t_uint8",
              "contract": "Initializable",
              "src": "contracts\\TokenV3.sol:523",
              "retypedFrom": "bool"
            },
            {
              "label": "_initializing",
              "offset": 1,
              "slot": "0",
              "type": "t_bool",
              "contract": "Initializable",
              "src": "contracts\\TokenV3.sol:528"
            },
            {
              "label": "__gap",
              "offset": 0,
              "slot": "1",
              "type": "t_array(t_uint256)50_storage",
              "contract": "ContextUpgradeable",
              "src": "contracts\\TokenV3.sol:630"
            },
            {
              "label": "_owner",
              "offset": 0,
              "slot": "51",
              "type": "t_address",
              "contract": "OwnableUpgradeable",
              "src": "contracts\\TokenV3.sol:645"
            },
            {
              "label": "__gap",
              "offset": 0,
              "slot": "52",
              "type": "t_array(t_uint256)49_storage",
              "contract": "OwnableUpgradeable",
              "src": "contracts\\TokenV3.sol:710"
            }
          ],
          "types": {
            "t_address": {
              "label": "address",
              "numberOfBytes": "20"
            },
            "t_array(t_uint256)49_storage": {
              "label": "uint256[49]",
              "numberOfBytes": "1568"
            },
            "t_array(t_uint256)50_storage": {
              "label": "uint256[50]",
              "numberOfBytes": "1600"
            },
            "t_bool": {
              "label": "bool",
              "numberOfBytes": "1"
            },
            "t_uint256": {
              "label": "uint256",
              "numberOfBytes": "32"
            },
            "t_uint8": {
              "label": "uint8",
              "numberOfBytes": "1"
            }
          },
          "layoutVersion": "1.1",
          "flat": true
        }
      },
      "SafeMathUpgradeable": {
        "src": "contracts\\TokenV3.sol:116",
        "version": {
          "withMetadata": "1c29fff73881aa22a223f6c26c7fbca91282b4b7d5b7eff93f34e9fa7faa9063",
          "withoutMetadata": "08d24783a787f8a51dea0c166bb6f91a4f0865e02d03d749f102d332e6ead0ff",
          "linkedWithoutMetadata": "08d24783a787f8a51dea0c166bb6f91a4f0865e02d03d749f102d332e6ead0ff"
        },
        "inherit": [],
        "libraries": [],
        "methods": [],
        "linkReferences": [],
        "errors": [],
        "layout": {
          "storage": [],
          "types": {},
          "layoutVersion": "1.1",
          "flat": false
        }
      }
    },
    {
      "AddressUpgradeable": {
        "src": "contracts\\TokenV3.sol:329",
        "version": {
          "withMetadata": "8fdccf0f2e2f55d5484d37eec52118e708ed789eeba3b1df5d9d93aa77ab88bc",
          "withoutMetadata": "08d24783a787f8a51dea0c166bb6f91a4f0865e02d03d749f102d332e6ead0ff",
          "linkedWithoutMetadata": "08d24783a787f8a51dea0c166bb6f91a4f0865e02d03d749f102d332e6ead0ff"
        },
        "inherit": [],
        "libraries": [],
        "methods": [],
        "linkReferences": [],
        "errors": [],
        "layout": {
          "storage": [],
          "types": {},
          "layoutVersion": "1.1",
          "flat": false
        }
      },
      "ContextUpgradeable": {
        "src": "contracts\\TokenV3.sol:611",
        "inherit": [
          "Initializable"
        ],
        "libraries": [],
        "methods": [],
        "linkReferences": [],
        "errors": [],
        "layout": {
          "storage": [
            {
              "label": "_initialized",
              "offset": 0,
              "slot": "0",
              "type": "t_uint8",
              "contract": "Initializable",
              "src": "contracts\\TokenV3.sol:523",
              "retypedFrom": "bool"
            },
            {
              "label": "_initializing",
              "offset": 1,
              "slot": "0",
              "type": "t_bool",
              "contract": "Initializable",
              "src": "contracts\\TokenV3.sol:528"
            },
            {
              "label": "__gap",
              "offset": 0,
              "slot": "1",
              "type": "t_array(t_uint256)50_storage",
              "contract": "ContextUpgradeable",
              "src": "contracts\\TokenV3.sol:630"
            }
          ],
          "types": {
            "t_array(t_uint256)50_storage": {
              "label": "uint256[50]",
              "numberOfBytes": "1600"
            },
            "t_bool": {
              "label": "bool",
              "numberOfBytes": "1"
            },
            "t_uint256": {
              "label": "uint256",
              "numberOfBytes": "32"
            },
            "t_uint8": {
              "label": "uint8",
              "numberOfBytes": "1"
            }
          },
          "layoutVersion": "1.1",
          "flat": true
        }
      },
      "IBEP20": {
        "src": "contracts\\TokenV3.sol:9",
        "inherit": [],
        "libraries": [],
        "methods": [
          "totalSupply()",
          "balanceOf(address)",
          "transfer(address,uint256)",
          "allowance(address,address)",
          "approve(address,uint256)",
          "transferFrom(address,address,uint256)"
        ],
        "linkReferences": [],
        "errors": [],
        "layout": {
          "storage": [],
          "types": {},
          "layoutVersion": "1.1",
          "flat": false
        }
      },
      "IUniswapV2Factory": {
        "src": "contracts\\TokenV3.sol:1077",
        "inherit": [],
        "libraries": [],
        "methods": [
          "feeTo()",
          "feeToSetter()",
          "getPair(address,address)",
          "allPairs(uint256)",
          "allPairsLength()",
          "createPair(address,address)",
          "setFeeTo(address)",
          "setFeeToSetter(address)"
        ],
        "linkReferences": [],
        "errors": [],
        "layout": {
          "storage": [],
          "types": {},
          "layoutVersion": "1.1",
          "flat": false
        }
      },
      "IUniswapV2Pair": {
        "src": "contracts\\TokenV3.sol:1094",
        "inherit": [],
        "libraries": [],
        "methods": [
          "name()",
          "symbol()",
          "decimals()",
          "totalSupply()",
          "balanceOf(address)",
          "allowance(address,address)",
          "approve(address,uint256)",
          "transfer(address,uint256)",
          "transferFrom(address,address,uint256)",
          "DOMAIN_SEPARATOR()",
          "PERMIT_TYPEHASH()",
          "nonces(address)",
          "permit(address,address,uint256,uint256,uint8,bytes32,bytes32)",
          "MINIMUM_LIQUIDITY()",
          "factory()",
          "token0()",
          "token1()",
          "getReserves()",
          "price0CumulativeLast()",
          "price1CumulativeLast()",
          "kLast()",
          "mint(address)",
          "burn(address)",
          "swap(uint256,uint256,address,bytes)",
          "skim(address)",
          "sync()",
          "initialize(address,address)"
        ],
        "linkReferences": [],
        "errors": [],
        "layout": {
          "storage": [],
          "types": {},
          "layoutVersion": "1.1",
          "flat": false
        }
      },
      "IUniswapV2Router01": {
        "src": "contracts\\TokenV3.sol:1146",
        "inherit": [],
        "libraries": [],
        "methods": [
          "factory()",
          "WETH()",
          "addLiquidity(address,address,uint256,uint256,uint256,uint256,address,uint256)",
          "addLiquidityETH(address,uint256,uint256,uint256,address,uint256)",
          "removeLiquidity(address,address,uint256,uint256,uint256,address,uint256)",
          "removeLiquidityETH(address,uint256,uint256,uint256,address,uint256)",
          "removeLiquidityWithPermit(address,address,uint256,uint256,uint256,address,uint256,bool,uint8,bytes32,bytes32)",
          "removeLiquidityETHWithPermit(address,uint256,uint256,uint256,address,uint256,bool,uint8,bytes32,bytes32)",
          "swapExactTokensForTokens(uint256,uint256,address[],address,uint256)",
          "swapTokensForExactTokens(uint256,uint256,address[],address,uint256)",
          "swapExactETHForTokens(uint256,address[],address,uint256)",
          "swapTokensForExactETH(uint256,uint256,address[],address,uint256)",
          "swapExactTokensForETH(uint256,uint256,address[],address,uint256)",
          "swapETHForExactTokens(uint256,address[],address,uint256)",
          "quote(uint256,uint256,uint256)",
          "getAmountOut(uint256,uint256,uint256)",
          "getAmountIn(uint256,uint256,uint256)",
          "getAmountsOut(uint256,address[])",
          "getAmountsIn(uint256,address[])"
        ],
        "linkReferences": [],
        "errors": [],
        "layout": {
          "storage": [],
          "types": {},
          "layoutVersion": "1.1",
          "flat": false
        }
      },
      "IUniswapV2Router02": {
        "src": "contracts\\TokenV3.sol:1241",
        "inherit": [
          "IUniswapV2Router01"
        ],
        "libraries": [],
        "methods": [
          "removeLiquidityETHSupportingFeeOnTransferTokens(address,uint256,uint256,uint256,address,uint256)",
          "removeLiquidityETHWithPermitSupportingFeeOnTransferTokens(address,uint256,uint256,uint256,address,uint256,bool,uint8,bytes32,bytes32)",
          "swapExactTokensForTokensSupportingFeeOnTransferTokens(uint256,uint256,address[],address,uint256)",
          "swapExactETHForTokensSupportingFeeOnTransferTokens(uint256,address[],address,uint256)",
          "swapExactTokensForETHSupportingFeeOnTransferTokens(uint256,uint256,address[],address,uint256)"
        ],
        "linkReferences": [],
        "errors": [],
        "layout": {
          "storage": [],
          "types": {},
          "layoutVersion": "1.1",
          "flat": false
        }
      },
      "Initializable": {
        "src": "contracts\\TokenV3.sol:518",
        "inherit": [],
        "libraries": [
          "AddressUpgradeable"
        ],
        "methods": [],
        "linkReferences": [],
        "errors": [],
        "layout": {
          "storage": [
            {
              "label": "_initialized",
              "offset": 0,
              "slot": "0",
              "type": "t_uint8",
              "contract": "Initializable",
              "src": "contracts\\TokenV3.sol:523",
              "retypedFrom": "bool"
            },
            {
              "label": "_initializing",
              "offset": 1,
              "slot": "0",
              "type": "t_bool",
              "contract": "Initializable",
              "src": "contracts\\TokenV3.sol:528"
            }
          ],
          "types": {
            "t_bool": {
              "label": "bool",
              "numberOfBytes": "1"
            },
            "t_uint8": {
              "label": "uint8",
              "numberOfBytes": "1"
            }
          },
          "layoutVersion": "1.1",
          "flat": true
        }
      },
      "OwnableUpgradeable": {
        "src": "contracts\\TokenV3.sol:644",
        "inherit": [
          "ContextUpgradeable",
          "Initializable"
        ],
        "libraries": [],
        "methods": [
          "owner()",
          "renounceOwnership()",
          "transferOwnership(address)"
        ],
        "linkReferences": [],
        "errors": [],
        "layout": {
          "storage": [
            {
              "label": "_initialized",
              "offset": 0,
              "slot": "0",
              "type": "t_uint8",
              "contract": "Initializable",
              "src": "contracts\\TokenV3.sol:523",
              "retypedFrom": "bool"
            },
            {
              "label": "_initializing",
              "offset": 1,
              "slot": "0",
              "type": "t_bool",
              "contract": "Initializable",
              "src": "contracts\\TokenV3.sol:528"
            },
            {
              "label": "__gap",
              "offset": 0,
              "slot": "1",
              "type": "t_array(t_uint256)50_storage",
              "contract": "ContextUpgradeable",
              "src": "contracts\\TokenV3.sol:630"
            },
            {
              "label": "_owner",
              "offset": 0,
              "slot": "51",
              "type": "t_address",
              "contract": "OwnableUpgradeable",
              "src": "contracts\\TokenV3.sol:645"
            },
            {
              "label": "__gap",
              "offset": 0,
              "slot": "52",
              "type": "t_array(t_uint256)49_storage",
              "contract": "OwnableUpgradeable",
              "src": "contracts\\TokenV3.sol:710"
            }
          ],
          "types": {
            "t_address": {
              "label": "address",
              "numberOfBytes": "20"
            },
            "t_array(t_uint256)49_storage": {
              "label": "uint256[49]",
              "numberOfBytes": "1568"
            },
            "t_array(t_uint256)50_storage": {
              "label": "uint256[50]",
              "numberOfBytes": "1600"
            },
            "t_bool": {
              "label": "bool",
              "numberOfBytes": "1"
            },
            "t_uint256": {
              "label": "uint256",
              "numberOfBytes": "32"
            },
            "t_uint8": {
              "label": "uint8",
              "numberOfBytes": "1"
            }
          },
          "layoutVersion": "1.1",
          "flat": true
        }
      },
      "SafeMathUpgradeable": {
        "src": "contracts\\TokenV3.sol:116",
        "version": {
          "withMetadata": "1c29fff73881aa22a223f6c26c7fbca91282b4b7d5b7eff93f34e9fa7faa9063",
          "withoutMetadata": "08d24783a787f8a51dea0c166bb6f91a4f0865e02d03d749f102d332e6ead0ff",
          "linkedWithoutMetadata": "08d24783a787f8a51dea0c166bb6f91a4f0865e02d03d749f102d332e6ead0ff"
        },
        "inherit": [],
        "libraries": [],
        "methods": [],
        "linkReferences": [],
        "errors": [],
        "layout": {
          "storage": [],
          "types": {},
          "layoutVersion": "1.1",
          "flat": false
        }
      },
      "Test1111": {
        "src": "contracts\\TokenV1.sol:883",
        "version": {
          "withMetadata": "1e98e690378a182c6be7395cb528b6603c4c49e374bece75b138f520ffb69bae",
          "withoutMetadata": "1cd2a8ed5827448742b01bb3d6699ec44a58c95ac041f8fc2c2d795e5b6c268c",
          "linkedWithoutMetadata": "1cd2a8ed5827448742b01bb3d6699ec44a58c95ac041f8fc2c2d795e5b6c268c"
        },
        "inherit": [
          "OwnableUpgradeable",
          "ContextUpgradeable",
          "Initializable",
          "IBEP20"
        ],
        "libraries": [
          "SafeMathUpgradeable",
          "AddressUpgradeable"
        ],
        "methods": [
          "initialize()",
          "()",
          "name()",
          "symbol()",
          "decimals()",
          "totalSupply()",
          "balanceOf(address)",
          "updateFeeAddress(address)",
          "transfer(address,uint256)",
          "allowance(address,address)",
          "approve(address,uint256)",
          "transferFrom(address,address,uint256)",
          "increaseAllowance(address,uint256)",
          "decreaseAllowance(address,uint256)",
          "totalFees()",
          "deliver(uint256)",
          "reflectionFromToken(uint256,bool)",
          "tokenFromReflection(uint256)",
          "excludeFromFee(address)",
          "setTaxAccount(address)",
          "includeInFee(address)",
          "setTaxFeePercent(uint256)",
          "setLiquidityFeePercent(uint256)",
          "setMaxTxPercent(uint256)",
          "setSwapAndLiquifyEnabled(bool)",
          "()",
          "updateRouterAndPair(address,address)",
          "isExcludedFromFee(address)"
        ],
        "linkReferences": [],
        "errors": [],
        "layout": {
          "storage": [
            {
              "label": "_initialized",
              "offset": 0,
              "slot": "0",
              "type": "t_uint8",
              "contract": "Initializable",
              "src": "contracts\\TokenV1.sol:484",
              "retypedFrom": "bool"
            },
            {
              "label": "_initializing",
              "offset": 1,
              "slot": "0",
              "type": "t_bool",
              "contract": "Initializable",
              "src": "contracts\\TokenV1.sol:489"
            },
            {
              "label": "__gap",
              "offset": 0,
              "slot": "1",
              "type": "t_array(t_uint256)50_storage",
              "contract": "ContextUpgradeable",
              "src": "contracts\\TokenV1.sol:591"
            },
            {
              "label": "_owner",
              "offset": 0,
              "slot": "51",
              "type": "t_address",
              "contract": "OwnableUpgradeable",
              "src": "contracts\\TokenV1.sol:606"
            },
            {
              "label": "__gap",
              "offset": 0,
              "slot": "52",
              "type": "t_array(t_uint256)49_storage",
              "contract": "OwnableUpgradeable",
              "src": "contracts\\TokenV1.sol:671"
            },
            {
              "label": "_rOwned",
              "offset": 0,
              "slot": "101",
              "type": "t_mapping(t_address,t_uint256)",
              "contract": "Test1111",
              "src": "contracts\\TokenV1.sol:887"
            },
            {
              "label": "_tOwned",
              "offset": 0,
              "slot": "102",
              "type": "t_mapping(t_address,t_uint256)",
              "contract": "Test1111",
              "src": "contracts\\TokenV1.sol:888"
            },
            {
              "label": "_allowances",
              "offset": 0,
              "slot": "103",
              "type": "t_mapping(t_address,t_mapping(t_address,t_uint256))",
              "contract": "Test1111",
              "src": "contracts\\TokenV1.sol:889"
            },
            {
              "label": "_isMarketing",
              "offset": 0,
              "slot": "104",
              "type": "t_mapping(t_address,t_bool)",
              "contract": "Test1111",
              "src": "contracts\\TokenV1.sol:890"
            },
            {
              "label": "_isExcludedFromFee",
              "offset": 0,
              "slot": "105",
              "type": "t_mapping(t_address,t_bool)",
              "contract": "Test1111",
              "src": "contracts\\TokenV1.sol:891"
            },
            {
              "label": "_isExcluded",
              "offset": 0,
              "slot": "106",
              "type": "t_mapping(t_address,t_bool)",
              "contract": "Test1111",
              "src": "contracts\\TokenV1.sol:892"
            },
            {
              "label": "_excluded",
              "offset": 0,
              "slot": "107",
              "type": "t_array(t_address)dyn_storage",
              "contract": "Test1111",
              "src": "contracts\\TokenV1.sol:894"
            },
            {
              "label": "_tTotal",
              "offset": 0,
              "slot": "108",
              "type": "t_uint256",
              "contract": "Test1111",
              "src": "contracts\\TokenV1.sol:895"
            },
            {
              "label": "_rTotal",
              "offset": 0,
              "slot": "109",
              "type": "t_uint256",
              "contract": "Test1111",
              "src": "contracts\\TokenV1.sol:896"
            },
            {
              "label": "_tFeeTotal",
              "offset": 0,
              "slot": "110",
              "type": "t_uint256",
              "contract": "Test1111",
              "src": "contracts\\TokenV1.sol:897"
            },
            {
              "label": "_name",
              "offset": 0,
              "slot": "111",
              "type": "t_string_storage",
              "contract": "Test1111",
              "src": "contracts\\TokenV1.sol:899"
            },
            {
              "label": "_symbol",
              "offset": 0,
              "slot": "112",
              "type": "t_string_storage",
              "contract": "Test1111",
              "src": "contracts\\TokenV1.sol:900"
            },
            {
              "label": "_decimals",
              "offset": 0,
              "slot": "113",
              "type": "t_uint8",
              "contract": "Test1111",
              "src": "contracts\\TokenV1.sol:901"
            },
            {
              "label": "WBNB",
              "offset": 1,
              "slot": "113",
              "type": "t_address",
              "contract": "Test1111",
              "src": "contracts\\TokenV1.sol:902"
            },
            {
              "label": "_taxFee",
              "offset": 0,
              "slot": "114",
              "type": "t_uint256",
              "contract": "Test1111",
              "src": "contracts\\TokenV1.sol:904"
            },
            {
              "label": "_previousTaxFee",
              "offset": 0,
              "slot": "115",
              "type": "t_uint256",
              "contract": "Test1111",
              "src": "contracts\\TokenV1.sol:905"
            },
            {
              "label": "FeeAddress",
              "offset": 0,
              "slot": "116",
              "type": "t_address",
              "contract": "Test1111",
              "src": "contracts\\TokenV1.sol:906"
            },
            {
              "label": "_liquidityFee",
              "offset": 0,
              "slot": "117",
              "type": "t_uint256",
              "contract": "Test1111",
              "src": "contracts\\TokenV1.sol:909"
            },
            {
              "label": "_previousLiquidityFee",
              "offset": 0,
              "slot": "118",
              "type": "t_uint256",
              "contract": "Test1111",
              "src": "contracts\\TokenV1.sol:910"
            },
            {
              "label": "uniswapV2Router",
              "offset": 0,
              "slot": "119",
              "type": "t_contract(IUniswapV2Router02)1613",
              "contract": "Test1111",
              "src": "contracts\\TokenV1.sol:912"
            },
            {
              "label": "uniswapV2Pair",
              "offset": 0,
              "slot": "120",
              "type": "t_address",
              "contract": "Test1111",
              "src": "contracts\\TokenV1.sol:913"
            },
            {
              "label": "inSwapAndLiquify",
              "offset": 20,
              "slot": "120",
              "type": "t_bool",
              "contract": "Test1111",
              "src": "contracts\\TokenV1.sol:915"
            },
            {
              "label": "swapAndLiquifyEnabled",
              "offset": 21,
              "slot": "120",
              "type": "t_bool",
              "contract": "Test1111",
              "src": "contracts\\TokenV1.sol:916"
            },
            {
              "label": "_maxTxAmount",
              "offset": 0,
              "slot": "121",
              "type": "t_uint256",
              "contract": "Test1111",
              "src": "contracts\\TokenV1.sol:918"
            },
            {
              "label": "numTokensSellToAddToLiquidity",
              "offset": 0,
              "slot": "122",
              "type": "t_uint256",
              "contract": "Test1111",
              "src": "contracts\\TokenV1.sol:919"
            },
            {
              "label": "routerAddress",
              "offset": 0,
              "slot": "123",
              "type": "t_address",
              "contract": "Test1111",
              "src": "contracts\\TokenV1.sol:923"
            },
            {
              "label": "_FeeAddress",
              "offset": 0,
              "slot": "124",
              "type": "t_address",
              "contract": "Test1111",
              "src": "contracts\\TokenV1.sol:924"
            }
          ],
          "types": {
            "t_address": {
              "label": "address",
              "numberOfBytes": "20"
            },
            "t_array(t_address)dyn_storage": {
              "label": "address[]",
              "numberOfBytes": "32"
            },
            "t_array(t_uint256)49_storage": {
              "label": "uint256[49]",
              "numberOfBytes": "1568"
            },
            "t_array(t_uint256)50_storage": {
              "label": "uint256[50]",
              "numberOfBytes": "1600"
            },
            "t_bool": {
              "label": "bool",
              "numberOfBytes": "1"
            },
            "t_contract(IUniswapV2Router02)1613": {
              "label": "contract IUniswapV2Router02",
              "numberOfBytes": "20"
            },
            "t_mapping(t_address,t_bool)": {
              "label": "mapping(address => bool)",
              "numberOfBytes": "32"
            },
            "t_mapping(t_address,t_mapping(t_address,t_uint256))": {
              "label": "mapping(address => mapping(address => uint256))",
              "numberOfBytes": "32"
            },
            "t_mapping(t_address,t_uint256)": {
              "label": "mapping(address => uint256)",
              "numberOfBytes": "32"
            },
            "t_string_storage": {
              "label": "string",
              "numberOfBytes": "32"
            },
            "t_uint256": {
              "label": "uint256",
              "numberOfBytes": "32"
            },
            "t_uint8": {
              "label": "uint8",
              "numberOfBytes": "1"
            }
          },
          "layoutVersion": "1.1",
          "flat": true
        }
      },
      "BEP20": {
        "src": "contracts\\TokenV3.sol:740",
        "version": {
          "withMetadata": "7983c6e76e31c4135474d5ae46c5adf4cff23c97d9c1b2b8e7fdfd8f29679521",
          "withoutMetadata": "27c3efd4fe5a99650146df05744f0a97624f075ca24eff9d291c78e965ecb12b",
          "linkedWithoutMetadata": "27c3efd4fe5a99650146df05744f0a97624f075ca24eff9d291c78e965ecb12b"
        },
        "inherit": [
          "IBEP20Metadata",
          "IBEP20",
          "ContextUpgradeable",
          "Initializable"
        ],
        "libraries": [],
        "methods": [
          "()",
          "name()",
          "symbol()",
          "decimals()",
          "totalSupply()",
          "balanceOf(address)",
          "transfer(address,uint256)",
          "allowance(address,address)",
          "approve(address,uint256)",
          "transferFrom(address,address,uint256)",
          "increaseAllowance(address,uint256)",
          "decreaseAllowance(address,uint256)"
        ],
        "linkReferences": [],
        "errors": [],
        "layout": {
          "storage": [
            {
              "label": "_initialized",
              "offset": 0,
              "slot": "0",
              "type": "t_uint8",
              "contract": "Initializable",
              "src": "contracts\\TokenV3.sol:523",
              "retypedFrom": "bool"
            },
            {
              "label": "_initializing",
              "offset": 1,
              "slot": "0",
              "type": "t_bool",
              "contract": "Initializable",
              "src": "contracts\\TokenV3.sol:528"
            },
            {
              "label": "__gap",
              "offset": 0,
              "slot": "1",
              "type": "t_array(t_uint256)50_storage",
              "contract": "ContextUpgradeable",
              "src": "contracts\\TokenV3.sol:630"
            },
            {
              "label": "_balances",
              "offset": 0,
              "slot": "51",
              "type": "t_mapping(t_address,t_uint256)",
              "contract": "BEP20",
              "src": "contracts\\TokenV3.sol:741"
            },
            {
              "label": "_allowances",
              "offset": 0,
              "slot": "52",
              "type": "t_mapping(t_address,t_mapping(t_address,t_uint256))",
              "contract": "BEP20",
              "src": "contracts\\TokenV3.sol:743"
            },
            {
              "label": "_totalSupply",
              "offset": 0,
              "slot": "53",
              "type": "t_uint256",
              "contract": "BEP20",
              "src": "contracts\\TokenV3.sol:745"
            },
            {
              "label": "_name",
              "offset": 0,
              "slot": "54",
              "type": "t_string_storage",
              "contract": "BEP20",
              "src": "contracts\\TokenV3.sol:747"
            },
            {
              "label": "_symbol",
              "offset": 0,
              "slot": "55",
              "type": "t_string_storage",
              "contract": "BEP20",
              "src": "contracts\\TokenV3.sol:748"
            }
          ],
          "types": {
            "t_address": {
              "label": "address",
              "numberOfBytes": "20"
            },
            "t_array(t_uint256)50_storage": {
              "label": "uint256[50]",
              "numberOfBytes": "1600"
            },
            "t_bool": {
              "label": "bool",
              "numberOfBytes": "1"
            },
            "t_mapping(t_address,t_mapping(t_address,t_uint256))": {
              "label": "mapping(address => mapping(address => uint256))",
              "numberOfBytes": "32"
            },
            "t_mapping(t_address,t_uint256)": {
              "label": "mapping(address => uint256)",
              "numberOfBytes": "32"
            },
            "t_string_storage": {
              "label": "string",
              "numberOfBytes": "32"
            },
            "t_uint256": {
              "label": "uint256",
              "numberOfBytes": "32"
            },
            "t_uint8": {
              "label": "uint8",
              "numberOfBytes": "1"
            }
          },
          "layoutVersion": "1.1",
          "flat": true
        }
      },
      "Coin11": {
        "src": "contracts\\TokenV3.sol:1282",
        "version": {
          "withMetadata": "a476babf2dde3f9c780d31e4eb3c30e354a61513ad1c2209ae1dfb96971f90ff",
          "withoutMetadata": "4ec52ed5d3483131386e1a237d448fe0e12da43581b63b262b7c976b066211d9",
          "linkedWithoutMetadata": "4ec52ed5d3483131386e1a237d448fe0e12da43581b63b262b7c976b066211d9"
        },
        "inherit": [
          "BEP20",
          "IBEP20Metadata",
          "IBEP20",
          "OwnableUpgradeable",
          "ContextUpgradeable",
          "Initializable"
        ],
        "libraries": [
          "SafeMathUpgradeable",
          "AddressUpgradeable"
        ],
        "methods": [
          "initialize()",
          "handleTax(address,address,uint256)",
          "triggerTax()",
          "burn(uint256)",
          "enableBlacklist(address)",
          "disableBlacklist(address)",
          "exclude(address)",
          "removeExclude(address)",
          "setBuyTax(uint256,uint256)",
          "setSellTax(uint256,uint256)",
          "setTaxWallets(address payable)",
          "enableTax()",
          "disableTax()",
          "isBlacklisted(address)",
          "isExcluded(address)",
          "updateRouterAndPair(address,address)",
          "()"
        ],
        "linkReferences": [],
        "errors": [],
        "layout": {
          "storage": [
            {
              "label": "_initialized",
              "offset": 0,
              "slot": "0",
              "type": "t_uint8",
              "contract": "Initializable",
              "src": "contracts\\TokenV3.sol:523",
              "retypedFrom": "bool"
            },
            {
              "label": "_initializing",
              "offset": 1,
              "slot": "0",
              "type": "t_bool",
              "contract": "Initializable",
              "src": "contracts\\TokenV3.sol:528"
            },
            {
              "label": "__gap",
              "offset": 0,
              "slot": "1",
              "type": "t_array(t_uint256)50_storage",
              "contract": "ContextUpgradeable",
              "src": "contracts\\TokenV3.sol:630"
            },
            {
              "label": "_owner",
              "offset": 0,
              "slot": "51",
              "type": "t_address",
              "contract": "OwnableUpgradeable",
              "src": "contracts\\TokenV3.sol:645"
            },
            {
              "label": "__gap",
              "offset": 0,
              "slot": "52",
              "type": "t_array(t_uint256)49_storage",
              "contract": "OwnableUpgradeable",
              "src": "contracts\\TokenV3.sol:710"
            },
            {
              "label": "_balances",
              "offset": 0,
              "slot": "101",
              "type": "t_mapping(t_address,t_uint256)",
              "contract": "BEP20",
              "src": "contracts\\TokenV3.sol:741"
            },
            {
              "label": "_allowances",
              "offset": 0,
              "slot": "102",
              "type": "t_mapping(t_address,t_mapping(t_address,t_uint256))",
              "contract": "BEP20",
              "src": "contracts\\TokenV3.sol:743"
            },
            {
              "label": "_totalSupply",
              "offset": 0,
              "slot": "103",
              "type": "t_uint256",
              "contract": "BEP20",
              "src": "contracts\\TokenV3.sol:745"
            },
            {
              "label": "_name",
              "offset": 0,
              "slot": "104",
              "type": "t_string_storage",
              "contract": "BEP20",
              "src": "contracts\\TokenV3.sol:747"
            },
            {
              "label": "_symbol",
              "offset": 0,
              "slot": "105",
              "type": "t_string_storage",
              "contract": "BEP20",
              "src": "contracts\\TokenV3.sol:748"
            },
            {
              "label": "initialSupply",
              "offset": 0,
              "slot": "106",
              "type": "t_uint256",
              "contract": "Coin11",
              "src": "contracts\\TokenV3.sol:1288"
            },
            {
              "label": "denominator",
              "offset": 0,
              "slot": "107",
              "type": "t_uint256",
              "contract": "Coin11",
              "src": "contracts\\TokenV3.sol:1290"
            },
            {
              "label": "swapThreshold",
              "offset": 0,
              "slot": "108",
              "type": "t_uint256",
              "contract": "Coin11",
              "src": "contracts\\TokenV3.sol:1292"
            },
            {
              "label": "marketingTaxBuy",
              "offset": 0,
              "slot": "109",
              "type": "t_uint256",
              "contract": "Coin11",
              "src": "contracts\\TokenV3.sol:1294"
            },
            {
              "label": "liquidityTaxBuy",
              "offset": 0,
              "slot": "110",
              "type": "t_uint256",
              "contract": "Coin11",
              "src": "contracts\\TokenV3.sol:1295"
            },
            {
              "label": "marketingTaxSell",
              "offset": 0,
              "slot": "111",
              "type": "t_uint256",
              "contract": "Coin11",
              "src": "contracts\\TokenV3.sol:1297"
            },
            {
              "label": "liquidityTaxSell",
              "offset": 0,
              "slot": "112",
              "type": "t_uint256",
              "contract": "Coin11",
              "src": "contracts\\TokenV3.sol:1298"
            },
            {
              "label": "_supply",
              "offset": 0,
              "slot": "113",
              "type": "t_uint256",
              "contract": "Coin11",
              "src": "contracts\\TokenV3.sol:1299"
            },
            {
              "label": "liquidityTaxWallet",
              "offset": 0,
              "slot": "114",
              "type": "t_address_payable",
              "contract": "Coin11",
              "src": "contracts\\TokenV3.sol:1301"
            },
            {
              "label": "marketingTaxWallet",
              "offset": 0,
              "slot": "115",
              "type": "t_address_payable",
              "contract": "Coin11",
              "src": "contracts\\TokenV3.sol:1303"
            },
            {
              "label": "blacklist",
              "offset": 0,
              "slot": "116",
              "type": "t_mapping(t_address,t_bool)",
              "contract": "Coin11",
              "src": "contracts\\TokenV3.sol:1307"
            },
            {
              "label": "excludeList",
              "offset": 0,
              "slot": "117",
              "type": "t_mapping(t_address,t_bool)",
              "contract": "Coin11",
              "src": "contracts\\TokenV3.sol:1308"
            },
            {
              "label": "buyTaxes",
              "offset": 0,
              "slot": "118",
              "type": "t_mapping(t_string_memory_ptr,t_uint256)",
              "contract": "Coin11",
              "src": "contracts\\TokenV3.sol:1310"
            },
            {
              "label": "sellTaxes",
              "offset": 0,
              "slot": "119",
              "type": "t_mapping(t_string_memory_ptr,t_uint256)",
              "contract": "Coin11",
              "src": "contracts\\TokenV3.sol:1311"
            },
            {
              "label": "taxWallets",
              "offset": 0,
              "slot": "120",
              "type": "t_address_payable",
              "contract": "Coin11",
              "src": "contracts\\TokenV3.sol:1312"
            },
            {
              "label": "taxStatus",
              "offset": 20,
              "slot": "120",
              "type": "t_bool",
              "contract": "Coin11",
              "src": "contracts\\TokenV3.sol:1315"
            },
            {
              "label": "uniswapV2Router02",
              "offset": 0,
              "slot": "121",
              "type": "t_contract(IUniswapV2Router02)5657",
              "contract": "Coin11",
              "src": "contracts\\TokenV3.sol:1317"
            },
            {
              "label": "uniswapV2Factory",
              "offset": 0,
              "slot": "122",
              "type": "t_contract(IUniswapV2Factory)5026",
              "contract": "Coin11",
              "src": "contracts\\TokenV3.sol:1318"
            },
            {
              "label": "uniswapV2Pair",
              "offset": 0,
              "slot": "123",
              "type": "t_contract(IUniswapV2Pair)5266",
              "contract": "Coin11",
              "src": "contracts\\TokenV3.sol:1319"
            },
            {
              "label": "marketingTokens",
              "offset": 0,
              "slot": "124",
              "type": "t_uint256",
              "contract": "Coin11",
              "src": "contracts\\TokenV3.sol:1347"
            },
            {
              "label": "liquidityTokens",
              "offset": 0,
              "slot": "125",
              "type": "t_uint256",
              "contract": "Coin11",
              "src": "contracts\\TokenV3.sol:1348"
            }
          ],
          "types": {
            "t_address": {
              "label": "address",
              "numberOfBytes": "20"
            },
            "t_address_payable": {
              "label": "address payable",
              "numberOfBytes": "20"
            },
            "t_array(t_uint256)49_storage": {
              "label": "uint256[49]",
              "numberOfBytes": "1568"
            },
            "t_array(t_uint256)50_storage": {
              "label": "uint256[50]",
              "numberOfBytes": "1600"
            },
            "t_bool": {
              "label": "bool",
              "numberOfBytes": "1"
            },
            "t_contract(IUniswapV2Factory)5026": {
              "label": "contract IUniswapV2Factory",
              "numberOfBytes": "20"
            },
            "t_contract(IUniswapV2Pair)5266": {
              "label": "contract IUniswapV2Pair",
              "numberOfBytes": "20"
            },
            "t_contract(IUniswapV2Router02)5657": {
              "label": "contract IUniswapV2Router02",
              "numberOfBytes": "20"
            },
            "t_mapping(t_address,t_bool)": {
              "label": "mapping(address => bool)",
              "numberOfBytes": "32"
            },
            "t_mapping(t_address,t_mapping(t_address,t_uint256))": {
              "label": "mapping(address => mapping(address => uint256))",
              "numberOfBytes": "32"
            },
            "t_mapping(t_address,t_uint256)": {
              "label": "mapping(address => uint256)",
              "numberOfBytes": "32"
            },
            "t_mapping(t_string_memory_ptr,t_uint256)": {
              "label": "mapping(string => uint256)",
              "numberOfBytes": "32"
            },
            "t_string_memory_ptr": {
              "label": "string",
              "numberOfBytes": "32"
            },
            "t_string_storage": {
              "label": "string",
              "numberOfBytes": "32"
            },
            "t_uint256": {
              "label": "uint256",
              "numberOfBytes": "32"
            },
            "t_uint8": {
              "label": "uint8",
              "numberOfBytes": "1"
            }
          },
          "layoutVersion": "1.1",
          "flat": true
        }
      },
      "IBEP20Metadata": {
        "src": "contracts\\TokenV3.sol:89",
        "inherit": [
          "IBEP20"
        ],
        "libraries": [],
        "methods": [
          "name()",
          "symbol()",
          "decimals()"
        ],
        "linkReferences": [],
        "errors": [],
        "layout": {
          "storage": [],
          "types": {},
          "layoutVersion": "1.1",
          "flat": false
        }
      }
    }
  ]
}