{
  "manifestVersion": "3.2",
  "admin": {
    "address": "0x33Fd68C5E85bcDb012A91051aFec87E31eEb8790",
    "txHash": "0xf9fb48bd286b874214d2c1433a2f12b7ffd0b1361f5f4398c4acf2d2ecac9b3b"
  },
  "proxies": [
    {
      "address": "0x9062207244c3d4a87f683B7926BF1D8C75F443E6",
      "txHash": "0x8f5d7932c5c1ef5d614acd6a82c4d9124cc03aeae427407ecc6dedba291e2c49",
      "kind": "transparent"
    },
    {
      "address": "0x621D6DC8595f156ec5408E95fdE58ae4df179F94",
      "txHash": "0x46c0b1458e3507b92d422e03d37d2de4850a679ce0dbdfdd31cd57a60f616cf3",
      "kind": "transparent"
    },
    {
      "address": "0x88eFD6a65beb67958068417E570aF4d66D443eA3",
      "txHash": "0x1cf890ff9b1e6fb8f642de43944c0aede1c1f7ac534d7c5b9ab74ff6dd3166d9",
      "kind": "transparent"
    },
    {
      "address": "0xE3FE4d42105521cB11725891425D42d8b5b511dF",
      "txHash": "0xd7ea6fff9f25ec920124616c1991387769008a156297ea16ea9a2fe750fe319f",
      "kind": "transparent"
    },
    {
      "address": "0x5E51774EC44AfafF92EC35436EC4b6014E40C7e5",
      "txHash": "0x5ecd77d68a8e256a07bc4ef825e46e3d2ea02ab1585f6af9b48361549ff70b86",
      "kind": "transparent"
    },
    {
      "address": "0x217Fe2dc46CffFFC5cAcC72D0217eb5B30608c87",
      "txHash": "0x05fe8cc63b5f5bbb9bbb8d0563f479ddb171a4889dfdceb9ef032cbb23927d9e",
      "kind": "transparent"
    }
  ],
  "impls": {
    "7bfee7d889060c188f040415f6ae60054b6e43ac3a4eb7128ed764c781b60cc9": {
      "address": "0xfd22fe2422eaB7F8c5b721B2f69B638F08588198",
      "txHash": "0x4a4f19aff93cc6d2840f770a22656879c4826b6828369d1eb0a71f7271282fac",
      "layout": {
        "storage": [
          {
            "label": "_initialized",
            "offset": 0,
            "slot": "0",
            "type": "t_uint8",
            "contract": "Initializable",
            "src": "contracts\\TokenV3.sol:523",
            "retypedFrom": "bool"
          },
          {
            "label": "_initializing",
            "offset": 1,
            "slot": "0",
            "type": "t_bool",
            "contract": "Initializable",
            "src": "contracts\\TokenV3.sol:528"
          },
          {
            "label": "__gap",
            "offset": 0,
            "slot": "1",
            "type": "t_array(t_uint256)50_storage",
            "contract": "ContextUpgradeable",
            "src": "contracts\\TokenV3.sol:630"
          },
          {
            "label": "_owner",
            "offset": 0,
            "slot": "51",
            "type": "t_address",
            "contract": "OwnableUpgradeable",
            "src": "contracts\\TokenV3.sol:645"
          },
          {
            "label": "__gap",
            "offset": 0,
            "slot": "52",
            "type": "t_array(t_uint256)49_storage",
            "contract": "OwnableUpgradeable",
            "src": "contracts\\TokenV3.sol:710"
          },
          {
            "label": "_balances",
            "offset": 0,
            "slot": "101",
            "type": "t_mapping(t_address,t_uint256)",
            "contract": "BEP20",
            "src": "contracts\\TokenV3.sol:741"
          },
          {
            "label": "_allowances",
            "offset": 0,
            "slot": "102",
            "type": "t_mapping(t_address,t_mapping(t_address,t_uint256))",
            "contract": "BEP20",
            "src": "contracts\\TokenV3.sol:743"
          },
          {
            "label": "_totalSupply",
            "offset": 0,
            "slot": "103",
            "type": "t_uint256",
            "contract": "BEP20",
            "src": "contracts\\TokenV3.sol:745"
          },
          {
            "label": "_name",
            "offset": 0,
            "slot": "104",
            "type": "t_string_storage",
            "contract": "BEP20",
            "src": "contracts\\TokenV3.sol:747"
          },
          {
            "label": "_symbol",
            "offset": 0,
            "slot": "105",
            "type": "t_string_storage",
            "contract": "BEP20",
            "src": "contracts\\TokenV3.sol:748"
          },
          {
            "label": "initialSupply",
            "offset": 0,
            "slot": "106",
            "type": "t_uint256",
            "contract": "Coin11",
            "src": "contracts\\TokenV3.sol:1288"
          },
          {
            "label": "denominator",
            "offset": 0,
            "slot": "107",
            "type": "t_uint256",
            "contract": "Coin11",
            "src": "contracts\\TokenV3.sol:1290"
          },
          {
            "label": "swapThreshold",
            "offset": 0,
            "slot": "108",
            "type": "t_uint256",
            "contract": "Coin11",
            "src": "contracts\\TokenV3.sol:1292"
          },
          {
            "label": "marketingTaxBuy",
            "offset": 0,
            "slot": "109",
            "type": "t_uint256",
            "contract": "Coin11",
            "src": "contracts\\TokenV3.sol:1294"
          },
          {
            "label": "liquidityTaxBuy",
            "offset": 0,
            "slot": "110",
            "type": "t_uint256",
            "contract": "Coin11",
            "src": "contracts\\TokenV3.sol:1295"
          },
          {
            "label": "marketingTaxSell",
            "offset": 0,
            "slot": "111",
            "type": "t_uint256",
            "contract": "Coin11",
            "src": "contracts\\TokenV3.sol:1297"
          },
          {
            "label": "liquidityTaxSell",
            "offset": 0,
            "slot": "112",
            "type": "t_uint256",
            "contract": "Coin11",
            "src": "contracts\\TokenV3.sol:1298"
          },
          {
            "label": "_supply",
            "offset": 0,
            "slot": "113",
            "type": "t_uint256",
            "contract": "Coin11",
            "src": "contracts\\TokenV3.sol:1299"
          },
          {
            "label": "marketingTaxWallet",
            "offset": 0,
            "slot": "114",
            "type": "t_address_payable",
            "contract": "Coin11",
            "src": "contracts\\TokenV3.sol:1301"
          },
          {
            "label": "liquidityTaxWallet",
            "offset": 0,
            "slot": "115",
            "type": "t_address_payable",
            "contract": "Coin11",
            "src": "contracts\\TokenV3.sol:1302"
          },
          {
            "label": "_marketingTaxWallet",
            "offset": 0,
            "slot": "116",
            "type": "t_address",
            "contract": "Coin11",
            "src": "contracts\\TokenV3.sol:1304"
          },
          {
            "label": "_liquidityTaxWallet",
            "offset": 0,
            "slot": "117",
            "type": "t_address",
            "contract": "Coin11",
            "src": "contracts\\TokenV3.sol:1305"
          },
          {
            "label": "blacklist",
            "offset": 0,
            "slot": "118",
            "type": "t_mapping(t_address,t_bool)",
            "contract": "Coin11",
            "src": "contracts\\TokenV3.sol:1309"
          },
          {
            "label": "excludeList",
            "offset": 0,
            "slot": "119",
            "type": "t_mapping(t_address,t_bool)",
            "contract": "Coin11",
            "src": "contracts\\TokenV3.sol:1310"
          },
          {
            "label": "buyTaxes",
            "offset": 0,
            "slot": "120",
            "type": "t_mapping(t_string_memory_ptr,t_uint256)",
            "contract": "Coin11",
            "src": "contracts\\TokenV3.sol:1312"
          },
          {
            "label": "sellTaxes",
            "offset": 0,
            "slot": "121",
            "type": "t_mapping(t_string_memory_ptr,t_uint256)",
            "contract": "Coin11",
            "src": "contracts\\TokenV3.sol:1313"
          },
          {
            "label": "taxWallets",
            "offset": 0,
            "slot": "122",
            "type": "t_address_payable",
            "contract": "Coin11",
            "src": "contracts\\TokenV3.sol:1314"
          },
          {
            "label": "taxStatus",
            "offset": 20,
            "slot": "122",
            "type": "t_bool",
            "contract": "Coin11",
            "src": "contracts\\TokenV3.sol:1317"
          },
          {
            "label": "uniswapV2Router02",
            "offset": 0,
            "slot": "123",
            "type": "t_contract(IUniswapV2Router02)5657",
            "contract": "Coin11",
            "src": "contracts\\TokenV3.sol:1319"
          },
          {
            "label": "uniswapV2Factory",
            "offset": 0,
            "slot": "124",
            "type": "t_contract(IUniswapV2Factory)5026",
            "contract": "Coin11",
            "src": "contracts\\TokenV3.sol:1320"
          },
          {
            "label": "uniswapV2Pair",
            "offset": 0,
            "slot": "125",
            "type": "t_contract(IUniswapV2Pair)5266",
            "contract": "Coin11",
            "src": "contracts\\TokenV3.sol:1321"
          },
          {
            "label": "marketingTokens",
            "offset": 0,
            "slot": "126",
            "type": "t_uint256",
            "contract": "Coin11",
            "src": "contracts\\TokenV3.sol:1351"
          },
          {
            "label": "liquidityTokens",
            "offset": 0,
            "slot": "127",
            "type": "t_uint256",
            "contract": "Coin11",
            "src": "contracts\\TokenV3.sol:1352"
          }
        ],
        "types": {
          "t_address": {
            "label": "address",
            "numberOfBytes": "20"
          },
          "t_address_payable": {
            "label": "address payable",
            "numberOfBytes": "20"
          },
          "t_array(t_uint256)49_storage": {
            "label": "uint256[49]",
            "numberOfBytes": "1568"
          },
          "t_array(t_uint256)50_storage": {
            "label": "uint256[50]",
            "numberOfBytes": "1600"
          },
          "t_bool": {
            "label": "bool",
            "numberOfBytes": "1"
          },
          "t_contract(IUniswapV2Factory)5026": {
            "label": "contract IUniswapV2Factory",
            "numberOfBytes": "20"
          },
          "t_contract(IUniswapV2Pair)5266": {
            "label": "contract IUniswapV2Pair",
            "numberOfBytes": "20"
          },
          "t_contract(IUniswapV2Router02)5657": {
            "label": "contract IUniswapV2Router02",
            "numberOfBytes": "20"
          },
          "t_mapping(t_address,t_bool)": {
            "label": "mapping(address => bool)",
            "numberOfBytes": "32"
          },
          "t_mapping(t_address,t_mapping(t_address,t_uint256))": {
            "label": "mapping(address => mapping(address => uint256))",
            "numberOfBytes": "32"
          },
          "t_mapping(t_address,t_uint256)": {
            "label": "mapping(address => uint256)",
            "numberOfBytes": "32"
          },
          "t_mapping(t_string_memory_ptr,t_uint256)": {
            "label": "mapping(string => uint256)",
            "numberOfBytes": "32"
          },
          "t_string_memory_ptr": {
            "label": "string",
            "numberOfBytes": "32"
          },
          "t_string_storage": {
            "label": "string",
            "numberOfBytes": "32"
          },
          "t_uint256": {
            "label": "uint256",
            "numberOfBytes": "32"
          },
          "t_uint8": {
            "label": "uint8",
            "numberOfBytes": "1"
          }
        }
      }
    },
    "9d8bb4d1f4ecefd5094e299a08f22947f0cc550b4e2cb3588a0f6e43c9e12f1a": {
      "address": "0x72D214AbCB2B85e685F64b8DfAf41E1118109975",
      "txHash": "0xd5db2200b512568e0b6e6a8f9ad8f8deb079b405e57e9c1fd02ec335dfc822bc",
      "layout": {
        "storage": [
          {
            "label": "_initialized",
            "offset": 0,
            "slot": "0",
            "type": "t_uint8",
            "contract": "Initializable",
            "src": "contracts\\TokenV3.sol:523",
            "retypedFrom": "bool"
          },
          {
            "label": "_initializing",
            "offset": 1,
            "slot": "0",
            "type": "t_bool",
            "contract": "Initializable",
            "src": "contracts\\TokenV3.sol:528"
          },
          {
            "label": "__gap",
            "offset": 0,
            "slot": "1",
            "type": "t_array(t_uint256)50_storage",
            "contract": "ContextUpgradeable",
            "src": "contracts\\TokenV3.sol:630"
          },
          {
            "label": "_owner",
            "offset": 0,
            "slot": "51",
            "type": "t_address",
            "contract": "OwnableUpgradeable",
            "src": "contracts\\TokenV3.sol:645"
          },
          {
            "label": "__gap",
            "offset": 0,
            "slot": "52",
            "type": "t_array(t_uint256)49_storage",
            "contract": "OwnableUpgradeable",
            "src": "contracts\\TokenV3.sol:710"
          },
          {
            "label": "_balances",
            "offset": 0,
            "slot": "101",
            "type": "t_mapping(t_address,t_uint256)",
            "contract": "BEP20",
            "src": "contracts\\TokenV3.sol:741"
          },
          {
            "label": "_allowances",
            "offset": 0,
            "slot": "102",
            "type": "t_mapping(t_address,t_mapping(t_address,t_uint256))",
            "contract": "BEP20",
            "src": "contracts\\TokenV3.sol:743"
          },
          {
            "label": "_totalSupply",
            "offset": 0,
            "slot": "103",
            "type": "t_uint256",
            "contract": "BEP20",
            "src": "contracts\\TokenV3.sol:745"
          },
          {
            "label": "_name",
            "offset": 0,
            "slot": "104",
            "type": "t_string_storage",
            "contract": "BEP20",
            "src": "contracts\\TokenV3.sol:747"
          },
          {
            "label": "_symbol",
            "offset": 0,
            "slot": "105",
            "type": "t_string_storage",
            "contract": "BEP20",
            "src": "contracts\\TokenV3.sol:748"
          },
          {
            "label": "initialSupply",
            "offset": 0,
            "slot": "106",
            "type": "t_uint256",
            "contract": "Coin11",
            "src": "contracts\\TokenV3.sol:1288"
          },
          {
            "label": "denominator",
            "offset": 0,
            "slot": "107",
            "type": "t_uint256",
            "contract": "Coin11",
            "src": "contracts\\TokenV3.sol:1290"
          },
          {
            "label": "swapThreshold",
            "offset": 0,
            "slot": "108",
            "type": "t_uint256",
            "contract": "Coin11",
            "src": "contracts\\TokenV3.sol:1292"
          },
          {
            "label": "marketingTaxBuy",
            "offset": 0,
            "slot": "109",
            "type": "t_uint256",
            "contract": "Coin11",
            "src": "contracts\\TokenV3.sol:1294"
          },
          {
            "label": "liquidityTaxBuy",
            "offset": 0,
            "slot": "110",
            "type": "t_uint256",
            "contract": "Coin11",
            "src": "contracts\\TokenV3.sol:1295"
          },
          {
            "label": "marketingTaxSell",
            "offset": 0,
            "slot": "111",
            "type": "t_uint256",
            "contract": "Coin11",
            "src": "contracts\\TokenV3.sol:1297"
          },
          {
            "label": "liquidityTaxSell",
            "offset": 0,
            "slot": "112",
            "type": "t_uint256",
            "contract": "Coin11",
            "src": "contracts\\TokenV3.sol:1298"
          },
          {
            "label": "_supply",
            "offset": 0,
            "slot": "113",
            "type": "t_uint256",
            "contract": "Coin11",
            "src": "contracts\\TokenV3.sol:1299"
          },
          {
            "label": "marketingTaxWallet",
            "offset": 0,
            "slot": "114",
            "type": "t_address_payable",
            "contract": "Coin11",
            "src": "contracts\\TokenV3.sol:1301"
          },
          {
            "label": "liquidityTaxWallet",
            "offset": 0,
            "slot": "115",
            "type": "t_address_payable",
            "contract": "Coin11",
            "src": "contracts\\TokenV3.sol:1302"
          },
          {
            "label": "_marketingTaxWallet",
            "offset": 0,
            "slot": "116",
            "type": "t_address",
            "contract": "Coin11",
            "src": "contracts\\TokenV3.sol:1304"
          },
          {
            "label": "_liquidityTaxWallet",
            "offset": 0,
            "slot": "117",
            "type": "t_address",
            "contract": "Coin11",
            "src": "contracts\\TokenV3.sol:1305"
          },
          {
            "label": "blacklist",
            "offset": 0,
            "slot": "118",
            "type": "t_mapping(t_address,t_bool)",
            "contract": "Coin11",
            "src": "contracts\\TokenV3.sol:1309"
          },
          {
            "label": "excludeList",
            "offset": 0,
            "slot": "119",
            "type": "t_mapping(t_address,t_bool)",
            "contract": "Coin11",
            "src": "contracts\\TokenV3.sol:1310"
          },
          {
            "label": "buyTaxes",
            "offset": 0,
            "slot": "120",
            "type": "t_mapping(t_string_memory_ptr,t_uint256)",
            "contract": "Coin11",
            "src": "contracts\\TokenV3.sol:1312"
          },
          {
            "label": "sellTaxes",
            "offset": 0,
            "slot": "121",
            "type": "t_mapping(t_string_memory_ptr,t_uint256)",
            "contract": "Coin11",
            "src": "contracts\\TokenV3.sol:1313"
          },
          {
            "label": "taxWallets",
            "offset": 0,
            "slot": "122",
            "type": "t_address_payable",
            "contract": "Coin11",
            "src": "contracts\\TokenV3.sol:1314"
          },
          {
            "label": "taxStatus",
            "offset": 20,
            "slot": "122",
            "type": "t_bool",
            "contract": "Coin11",
            "src": "contracts\\TokenV3.sol:1317"
          },
          {
            "label": "uniswapV2Router02",
            "offset": 0,
            "slot": "123",
            "type": "t_contract(IUniswapV2Router02)5657",
            "contract": "Coin11",
            "src": "contracts\\TokenV3.sol:1319"
          },
          {
            "label": "uniswapV2Factory",
            "offset": 0,
            "slot": "124",
            "type": "t_contract(IUniswapV2Factory)5026",
            "contract": "Coin11",
            "src": "contracts\\TokenV3.sol:1320"
          },
          {
            "label": "uniswapV2Pair",
            "offset": 0,
            "slot": "125",
            "type": "t_contract(IUniswapV2Pair)5266",
            "contract": "Coin11",
            "src": "contracts\\TokenV3.sol:1321"
          },
          {
            "label": "marketingTokens",
            "offset": 0,
            "slot": "126",
            "type": "t_uint256",
            "contract": "Coin11",
            "src": "contracts\\TokenV3.sol:1350"
          },
          {
            "label": "liquidityTokens",
            "offset": 0,
            "slot": "127",
            "type": "t_uint256",
            "contract": "Coin11",
            "src": "contracts\\TokenV3.sol:1351"
          }
        ],
        "types": {
          "t_address": {
            "label": "address",
            "numberOfBytes": "20"
          },
          "t_address_payable": {
            "label": "address payable",
            "numberOfBytes": "20"
          },
          "t_array(t_uint256)49_storage": {
            "label": "uint256[49]",
            "numberOfBytes": "1568"
          },
          "t_array(t_uint256)50_storage": {
            "label": "uint256[50]",
            "numberOfBytes": "1600"
          },
          "t_bool": {
            "label": "bool",
            "numberOfBytes": "1"
          },
          "t_contract(IUniswapV2Factory)5026": {
            "label": "contract IUniswapV2Factory",
            "numberOfBytes": "20"
          },
          "t_contract(IUniswapV2Pair)5266": {
            "label": "contract IUniswapV2Pair",
            "numberOfBytes": "20"
          },
          "t_contract(IUniswapV2Router02)5657": {
            "label": "contract IUniswapV2Router02",
            "numberOfBytes": "20"
          },
          "t_mapping(t_address,t_bool)": {
            "label": "mapping(address => bool)",
            "numberOfBytes": "32"
          },
          "t_mapping(t_address,t_mapping(t_address,t_uint256))": {
            "label": "mapping(address => mapping(address => uint256))",
            "numberOfBytes": "32"
          },
          "t_mapping(t_address,t_uint256)": {
            "label": "mapping(address => uint256)",
            "numberOfBytes": "32"
          },
          "t_mapping(t_string_memory_ptr,t_uint256)": {
            "label": "mapping(string => uint256)",
            "numberOfBytes": "32"
          },
          "t_string_memory_ptr": {
            "label": "string",
            "numberOfBytes": "32"
          },
          "t_string_storage": {
            "label": "string",
            "numberOfBytes": "32"
          },
          "t_uint256": {
            "label": "uint256",
            "numberOfBytes": "32"
          },
          "t_uint8": {
            "label": "uint8",
            "numberOfBytes": "1"
          }
        }
      }
    },
    "73ac721f881b9a4c00d27383989fa53b019927bfd75dda9f85e25c1059bf5aa3": {
      "address": "0xA1E9fcD563070F0f6c1C74D262CEdbDF1842E090",
      "txHash": "0x249b321a06b59e5fc2df5fd1b1cda9d13b46b548b148df1365ef8eda1d23abe5",
      "layout": {
        "storage": [
          {
            "label": "_initialized",
            "offset": 0,
            "slot": "0",
            "type": "t_uint8",
            "contract": "Initializable",
            "src": "contracts\\TokenV3.sol:523",
            "retypedFrom": "bool"
          },
          {
            "label": "_initializing",
            "offset": 1,
            "slot": "0",
            "type": "t_bool",
            "contract": "Initializable",
            "src": "contracts\\TokenV3.sol:528"
          },
          {
            "label": "__gap",
            "offset": 0,
            "slot": "1",
            "type": "t_array(t_uint256)50_storage",
            "contract": "ContextUpgradeable",
            "src": "contracts\\TokenV3.sol:630"
          },
          {
            "label": "_owner",
            "offset": 0,
            "slot": "51",
            "type": "t_address",
            "contract": "OwnableUpgradeable",
            "src": "contracts\\TokenV3.sol:645"
          },
          {
            "label": "__gap",
            "offset": 0,
            "slot": "52",
            "type": "t_array(t_uint256)49_storage",
            "contract": "OwnableUpgradeable",
            "src": "contracts\\TokenV3.sol:710"
          },
          {
            "label": "_balances",
            "offset": 0,
            "slot": "101",
            "type": "t_mapping(t_address,t_uint256)",
            "contract": "BEP20",
            "src": "contracts\\TokenV3.sol:741"
          },
          {
            "label": "_allowances",
            "offset": 0,
            "slot": "102",
            "type": "t_mapping(t_address,t_mapping(t_address,t_uint256))",
            "contract": "BEP20",
            "src": "contracts\\TokenV3.sol:743"
          },
          {
            "label": "_totalSupply",
            "offset": 0,
            "slot": "103",
            "type": "t_uint256",
            "contract": "BEP20",
            "src": "contracts\\TokenV3.sol:745"
          },
          {
            "label": "_name",
            "offset": 0,
            "slot": "104",
            "type": "t_string_storage",
            "contract": "BEP20",
            "src": "contracts\\TokenV3.sol:747"
          },
          {
            "label": "_symbol",
            "offset": 0,
            "slot": "105",
            "type": "t_string_storage",
            "contract": "BEP20",
            "src": "contracts\\TokenV3.sol:748"
          },
          {
            "label": "initialSupply",
            "offset": 0,
            "slot": "106",
            "type": "t_uint256",
            "contract": "Coin11",
            "src": "contracts\\TokenV3.sol:1288"
          },
          {
            "label": "denominator",
            "offset": 0,
            "slot": "107",
            "type": "t_uint256",
            "contract": "Coin11",
            "src": "contracts\\TokenV3.sol:1290"
          },
          {
            "label": "swapThreshold",
            "offset": 0,
            "slot": "108",
            "type": "t_uint256",
            "contract": "Coin11",
            "src": "contracts\\TokenV3.sol:1292"
          },
          {
            "label": "marketingTaxBuy",
            "offset": 0,
            "slot": "109",
            "type": "t_uint256",
            "contract": "Coin11",
            "src": "contracts\\TokenV3.sol:1294"
          },
          {
            "label": "liquidityTaxBuy",
            "offset": 0,
            "slot": "110",
            "type": "t_uint256",
            "contract": "Coin11",
            "src": "contracts\\TokenV3.sol:1295"
          },
          {
            "label": "marketingTaxSell",
            "offset": 0,
            "slot": "111",
            "type": "t_uint256",
            "contract": "Coin11",
            "src": "contracts\\TokenV3.sol:1297"
          },
          {
            "label": "liquidityTaxSell",
            "offset": 0,
            "slot": "112",
            "type": "t_uint256",
            "contract": "Coin11",
            "src": "contracts\\TokenV3.sol:1298"
          },
          {
            "label": "_supply",
            "offset": 0,
            "slot": "113",
            "type": "t_uint256",
            "contract": "Coin11",
            "src": "contracts\\TokenV3.sol:1299"
          },
          {
            "label": "marketingTaxWallet",
            "offset": 0,
            "slot": "114",
            "type": "t_address_payable",
            "contract": "Coin11",
            "src": "contracts\\TokenV3.sol:1302"
          },
          {
            "label": "liquidityTaxWallet",
            "offset": 0,
            "slot": "115",
            "type": "t_address_payable",
            "contract": "Coin11",
            "src": "contracts\\TokenV3.sol:1303"
          },
          {
            "label": "_marketingTaxWallet",
            "offset": 0,
            "slot": "116",
            "type": "t_address",
            "contract": "Coin11",
            "src": "contracts\\TokenV3.sol:1305"
          },
          {
            "label": "_liquidityTaxWallet",
            "offset": 0,
            "slot": "117",
            "type": "t_address",
            "contract": "Coin11",
            "src": "contracts\\TokenV3.sol:1306"
          },
          {
            "label": "blacklist",
            "offset": 0,
            "slot": "118",
            "type": "t_mapping(t_address,t_bool)",
            "contract": "Coin11",
            "src": "contracts\\TokenV3.sol:1310"
          },
          {
            "label": "excludeList",
            "offset": 0,
            "slot": "119",
            "type": "t_mapping(t_address,t_bool)",
            "contract": "Coin11",
            "src": "contracts\\TokenV3.sol:1311"
          },
          {
            "label": "buyTaxes",
            "offset": 0,
            "slot": "120",
            "type": "t_mapping(t_string_memory_ptr,t_uint256)",
            "contract": "Coin11",
            "src": "contracts\\TokenV3.sol:1313"
          },
          {
            "label": "sellTaxes",
            "offset": 0,
            "slot": "121",
            "type": "t_mapping(t_string_memory_ptr,t_uint256)",
            "contract": "Coin11",
            "src": "contracts\\TokenV3.sol:1314"
          },
          {
            "label": "taxWallets",
            "offset": 0,
            "slot": "122",
            "type": "t_address_payable",
            "contract": "Coin11",
            "src": "contracts\\TokenV3.sol:1315"
          },
          {
            "label": "taxStatus",
            "offset": 20,
            "slot": "122",
            "type": "t_bool",
            "contract": "Coin11",
            "src": "contracts\\TokenV3.sol:1318"
          },
          {
            "label": "uniswapV2Router02",
            "offset": 0,
            "slot": "123",
            "type": "t_contract(IUniswapV2Router02)5657",
            "contract": "Coin11",
            "src": "contracts\\TokenV3.sol:1320"
          },
          {
            "label": "uniswapV2Factory",
            "offset": 0,
            "slot": "124",
            "type": "t_contract(IUniswapV2Factory)5026",
            "contract": "Coin11",
            "src": "contracts\\TokenV3.sol:1321"
          },
          {
            "label": "uniswapV2Pair",
            "offset": 0,
            "slot": "125",
            "type": "t_contract(IUniswapV2Pair)5266",
            "contract": "Coin11",
            "src": "contracts\\TokenV3.sol:1322"
          },
          {
            "label": "marketingTokens",
            "offset": 0,
            "slot": "126",
            "type": "t_uint256",
            "contract": "Coin11",
            "src": "contracts\\TokenV3.sol:1351"
          },
          {
            "label": "liquidityTokens",
            "offset": 0,
            "slot": "127",
            "type": "t_uint256",
            "contract": "Coin11",
            "src": "contracts\\TokenV3.sol:1352"
          }
        ],
        "types": {
          "t_address": {
            "label": "address",
            "numberOfBytes": "20"
          },
          "t_address_payable": {
            "label": "address payable",
            "numberOfBytes": "20"
          },
          "t_array(t_uint256)49_storage": {
            "label": "uint256[49]",
            "numberOfBytes": "1568"
          },
          "t_array(t_uint256)50_storage": {
            "label": "uint256[50]",
            "numberOfBytes": "1600"
          },
          "t_bool": {
            "label": "bool",
            "numberOfBytes": "1"
          },
          "t_contract(IUniswapV2Factory)5026": {
            "label": "contract IUniswapV2Factory",
            "numberOfBytes": "20"
          },
          "t_contract(IUniswapV2Pair)5266": {
            "label": "contract IUniswapV2Pair",
            "numberOfBytes": "20"
          },
          "t_contract(IUniswapV2Router02)5657": {
            "label": "contract IUniswapV2Router02",
            "numberOfBytes": "20"
          },
          "t_mapping(t_address,t_bool)": {
            "label": "mapping(address => bool)",
            "numberOfBytes": "32"
          },
          "t_mapping(t_address,t_mapping(t_address,t_uint256))": {
            "label": "mapping(address => mapping(address => uint256))",
            "numberOfBytes": "32"
          },
          "t_mapping(t_address,t_uint256)": {
            "label": "mapping(address => uint256)",
            "numberOfBytes": "32"
          },
          "t_mapping(t_string_memory_ptr,t_uint256)": {
            "label": "mapping(string => uint256)",
            "numberOfBytes": "32"
          },
          "t_string_memory_ptr": {
            "label": "string",
            "numberOfBytes": "32"
          },
          "t_string_storage": {
            "label": "string",
            "numberOfBytes": "32"
          },
          "t_uint256": {
            "label": "uint256",
            "numberOfBytes": "32"
          },
          "t_uint8": {
            "label": "uint8",
            "numberOfBytes": "1"
          }
        }
      }
    },
    "ebbd78fb565f109211d1f0acf6a7dcb0d1396cbdeff4ccdd66936911ce446d14": {
      "address": "0x993e134e6e51D3aC53514d0B41F35E4aAC091f41",
      "txHash": "0x84d1c3391119325289741a709e478451122d2d236b712807069beff0b15da725",
      "layout": {
        "storage": [
          {
            "label": "_initialized",
            "offset": 0,
            "slot": "0",
            "type": "t_uint8",
            "contract": "Initializable",
            "src": "contracts\\TokenV3.sol:523",
            "retypedFrom": "bool"
          },
          {
            "label": "_initializing",
            "offset": 1,
            "slot": "0",
            "type": "t_bool",
            "contract": "Initializable",
            "src": "contracts\\TokenV3.sol:528"
          },
          {
            "label": "__gap",
            "offset": 0,
            "slot": "1",
            "type": "t_array(t_uint256)50_storage",
            "contract": "ContextUpgradeable",
            "src": "contracts\\TokenV3.sol:630"
          },
          {
            "label": "_owner",
            "offset": 0,
            "slot": "51",
            "type": "t_address",
            "contract": "OwnableUpgradeable",
            "src": "contracts\\TokenV3.sol:645"
          },
          {
            "label": "__gap",
            "offset": 0,
            "slot": "52",
            "type": "t_array(t_uint256)49_storage",
            "contract": "OwnableUpgradeable",
            "src": "contracts\\TokenV3.sol:710"
          },
          {
            "label": "_balances",
            "offset": 0,
            "slot": "101",
            "type": "t_mapping(t_address,t_uint256)",
            "contract": "BEP20",
            "src": "contracts\\TokenV3.sol:741"
          },
          {
            "label": "_allowances",
            "offset": 0,
            "slot": "102",
            "type": "t_mapping(t_address,t_mapping(t_address,t_uint256))",
            "contract": "BEP20",
            "src": "contracts\\TokenV3.sol:743"
          },
          {
            "label": "_totalSupply",
            "offset": 0,
            "slot": "103",
            "type": "t_uint256",
            "contract": "BEP20",
            "src": "contracts\\TokenV3.sol:745"
          },
          {
            "label": "_name",
            "offset": 0,
            "slot": "104",
            "type": "t_string_storage",
            "contract": "BEP20",
            "src": "contracts\\TokenV3.sol:747"
          },
          {
            "label": "_symbol",
            "offset": 0,
            "slot": "105",
            "type": "t_string_storage",
            "contract": "BEP20",
            "src": "contracts\\TokenV3.sol:748"
          },
          {
            "label": "initialSupply",
            "offset": 0,
            "slot": "106",
            "type": "t_uint256",
            "contract": "Coin11",
            "src": "contracts\\TokenV3.sol:1288"
          },
          {
            "label": "denominator",
            "offset": 0,
            "slot": "107",
            "type": "t_uint256",
            "contract": "Coin11",
            "src": "contracts\\TokenV3.sol:1290"
          },
          {
            "label": "swapThreshold",
            "offset": 0,
            "slot": "108",
            "type": "t_uint256",
            "contract": "Coin11",
            "src": "contracts\\TokenV3.sol:1292"
          },
          {
            "label": "marketingTaxBuy",
            "offset": 0,
            "slot": "109",
            "type": "t_uint256",
            "contract": "Coin11",
            "src": "contracts\\TokenV3.sol:1294"
          },
          {
            "label": "liquidityTaxBuy",
            "offset": 0,
            "slot": "110",
            "type": "t_uint256",
            "contract": "Coin11",
            "src": "contracts\\TokenV3.sol:1295"
          },
          {
            "label": "marketingTaxSell",
            "offset": 0,
            "slot": "111",
            "type": "t_uint256",
            "contract": "Coin11",
            "src": "contracts\\TokenV3.sol:1297"
          },
          {
            "label": "liquidityTaxSell",
            "offset": 0,
            "slot": "112",
            "type": "t_uint256",
            "contract": "Coin11",
            "src": "contracts\\TokenV3.sol:1298"
          },
          {
            "label": "_supply",
            "offset": 0,
            "slot": "113",
            "type": "t_uint256",
            "contract": "Coin11",
            "src": "contracts\\TokenV3.sol:1299"
          },
          {
            "label": "marketingTaxWallet",
            "offset": 0,
            "slot": "114",
            "type": "t_address_payable",
            "contract": "Coin11",
            "src": "contracts\\TokenV3.sol:1301"
          },
          {
            "label": "liquidityTaxWallet",
            "offset": 0,
            "slot": "115",
            "type": "t_address_payable",
            "contract": "Coin11",
            "src": "contracts\\TokenV3.sol:1302"
          },
          {
            "label": "_marketingTaxWallet",
            "offset": 0,
            "slot": "116",
            "type": "t_address",
            "contract": "Coin11",
            "src": "contracts\\TokenV3.sol:1304"
          },
          {
            "label": "_liquidityTaxWallet",
            "offset": 0,
            "slot": "117",
            "type": "t_address",
            "contract": "Coin11",
            "src": "contracts\\TokenV3.sol:1305"
          },
          {
            "label": "blacklist",
            "offset": 0,
            "slot": "118",
            "type": "t_mapping(t_address,t_bool)",
            "contract": "Coin11",
            "src": "contracts\\TokenV3.sol:1309"
          },
          {
            "label": "excludeList",
            "offset": 0,
            "slot": "119",
            "type": "t_mapping(t_address,t_bool)",
            "contract": "Coin11",
            "src": "contracts\\TokenV3.sol:1310"
          },
          {
            "label": "buyTaxes",
            "offset": 0,
            "slot": "120",
            "type": "t_mapping(t_string_memory_ptr,t_uint256)",
            "contract": "Coin11",
            "src": "contracts\\TokenV3.sol:1312"
          },
          {
            "label": "sellTaxes",
            "offset": 0,
            "slot": "121",
            "type": "t_mapping(t_string_memory_ptr,t_uint256)",
            "contract": "Coin11",
            "src": "contracts\\TokenV3.sol:1313"
          },
          {
            "label": "taxWallets",
            "offset": 0,
            "slot": "122",
            "type": "t_address_payable",
            "contract": "Coin11",
            "src": "contracts\\TokenV3.sol:1314"
          },
          {
            "label": "taxStatus",
            "offset": 20,
            "slot": "122",
            "type": "t_bool",
            "contract": "Coin11",
            "src": "contracts\\TokenV3.sol:1317"
          },
          {
            "label": "uniswapV2Router02",
            "offset": 0,
            "slot": "123",
            "type": "t_contract(IUniswapV2Router02)5657",
            "contract": "Coin11",
            "src": "contracts\\TokenV3.sol:1319"
          },
          {
            "label": "uniswapV2Factory",
            "offset": 0,
            "slot": "124",
            "type": "t_contract(IUniswapV2Factory)5026",
            "contract": "Coin11",
            "src": "contracts\\TokenV3.sol:1320"
          },
          {
            "label": "uniswapV2Pair",
            "offset": 0,
            "slot": "125",
            "type": "t_contract(IUniswapV2Pair)5266",
            "contract": "Coin11",
            "src": "contracts\\TokenV3.sol:1321"
          },
          {
            "label": "marketingTokens",
            "offset": 0,
            "slot": "126",
            "type": "t_uint256",
            "contract": "Coin11",
            "src": "contracts\\TokenV3.sol:1351"
          },
          {
            "label": "liquidityTokens",
            "offset": 0,
            "slot": "127",
            "type": "t_uint256",
            "contract": "Coin11",
            "src": "contracts\\TokenV3.sol:1352"
          }
        ],
        "types": {
          "t_address": {
            "label": "address",
            "numberOfBytes": "20"
          },
          "t_address_payable": {
            "label": "address payable",
            "numberOfBytes": "20"
          },
          "t_array(t_uint256)49_storage": {
            "label": "uint256[49]",
            "numberOfBytes": "1568"
          },
          "t_array(t_uint256)50_storage": {
            "label": "uint256[50]",
            "numberOfBytes": "1600"
          },
          "t_bool": {
            "label": "bool",
            "numberOfBytes": "1"
          },
          "t_contract(IUniswapV2Factory)5026": {
            "label": "contract IUniswapV2Factory",
            "numberOfBytes": "20"
          },
          "t_contract(IUniswapV2Pair)5266": {
            "label": "contract IUniswapV2Pair",
            "numberOfBytes": "20"
          },
          "t_contract(IUniswapV2Router02)5657": {
            "label": "contract IUniswapV2Router02",
            "numberOfBytes": "20"
          },
          "t_mapping(t_address,t_bool)": {
            "label": "mapping(address => bool)",
            "numberOfBytes": "32"
          },
          "t_mapping(t_address,t_mapping(t_address,t_uint256))": {
            "label": "mapping(address => mapping(address => uint256))",
            "numberOfBytes": "32"
          },
          "t_mapping(t_address,t_uint256)": {
            "label": "mapping(address => uint256)",
            "numberOfBytes": "32"
          },
          "t_mapping(t_string_memory_ptr,t_uint256)": {
            "label": "mapping(string => uint256)",
            "numberOfBytes": "32"
          },
          "t_string_memory_ptr": {
            "label": "string",
            "numberOfBytes": "32"
          },
          "t_string_storage": {
            "label": "string",
            "numberOfBytes": "32"
          },
          "t_uint256": {
            "label": "uint256",
            "numberOfBytes": "32"
          },
          "t_uint8": {
            "label": "uint8",
            "numberOfBytes": "1"
          }
        }
      }
    },
    "271473fd2c5d3f0d906400ad9558614b2c75d09e311fbb02406de5ff07ae0b3b": {
      "address": "0x667D376E541A9290c5F4Fe13a26dD6F2CBf633ec",
      "txHash": "0x86eabe653e1a8ae22c8050ec18ee5a53432455384a76cf832d41892ee48b11ec",
      "layout": {
        "storage": [
          {
            "label": "_initialized",
            "offset": 0,
            "slot": "0",
            "type": "t_uint8",
            "contract": "Initializable",
            "src": "contracts\\TokenV3.sol:523",
            "retypedFrom": "bool"
          },
          {
            "label": "_initializing",
            "offset": 1,
            "slot": "0",
            "type": "t_bool",
            "contract": "Initializable",
            "src": "contracts\\TokenV3.sol:528"
          },
          {
            "label": "__gap",
            "offset": 0,
            "slot": "1",
            "type": "t_array(t_uint256)50_storage",
            "contract": "ContextUpgradeable",
            "src": "contracts\\TokenV3.sol:630"
          },
          {
            "label": "_owner",
            "offset": 0,
            "slot": "51",
            "type": "t_address",
            "contract": "OwnableUpgradeable",
            "src": "contracts\\TokenV3.sol:645"
          },
          {
            "label": "__gap",
            "offset": 0,
            "slot": "52",
            "type": "t_array(t_uint256)49_storage",
            "contract": "OwnableUpgradeable",
            "src": "contracts\\TokenV3.sol:710"
          },
          {
            "label": "_balances",
            "offset": 0,
            "slot": "101",
            "type": "t_mapping(t_address,t_uint256)",
            "contract": "BEP20",
            "src": "contracts\\TokenV3.sol:741"
          },
          {
            "label": "_allowances",
            "offset": 0,
            "slot": "102",
            "type": "t_mapping(t_address,t_mapping(t_address,t_uint256))",
            "contract": "BEP20",
            "src": "contracts\\TokenV3.sol:743"
          },
          {
            "label": "_totalSupply",
            "offset": 0,
            "slot": "103",
            "type": "t_uint256",
            "contract": "BEP20",
            "src": "contracts\\TokenV3.sol:745"
          },
          {
            "label": "_name",
            "offset": 0,
            "slot": "104",
            "type": "t_string_storage",
            "contract": "BEP20",
            "src": "contracts\\TokenV3.sol:747"
          },
          {
            "label": "_symbol",
            "offset": 0,
            "slot": "105",
            "type": "t_string_storage",
            "contract": "BEP20",
            "src": "contracts\\TokenV3.sol:748"
          },
          {
            "label": "initialSupply",
            "offset": 0,
            "slot": "106",
            "type": "t_uint256",
            "contract": "Coin11",
            "src": "contracts\\TokenV3.sol:1288"
          },
          {
            "label": "denominator",
            "offset": 0,
            "slot": "107",
            "type": "t_uint256",
            "contract": "Coin11",
            "src": "contracts\\TokenV3.sol:1290"
          },
          {
            "label": "swapThreshold",
            "offset": 0,
            "slot": "108",
            "type": "t_uint256",
            "contract": "Coin11",
            "src": "contracts\\TokenV3.sol:1292"
          },
          {
            "label": "marketingTaxBuy",
            "offset": 0,
            "slot": "109",
            "type": "t_uint256",
            "contract": "Coin11",
            "src": "contracts\\TokenV3.sol:1294"
          },
          {
            "label": "liquidityTaxBuy",
            "offset": 0,
            "slot": "110",
            "type": "t_uint256",
            "contract": "Coin11",
            "src": "contracts\\TokenV3.sol:1295"
          },
          {
            "label": "marketingTaxSell",
            "offset": 0,
            "slot": "111",
            "type": "t_uint256",
            "contract": "Coin11",
            "src": "contracts\\TokenV3.sol:1297"
          },
          {
            "label": "liquidityTaxSell",
            "offset": 0,
            "slot": "112",
            "type": "t_uint256",
            "contract": "Coin11",
            "src": "contracts\\TokenV3.sol:1298"
          },
          {
            "label": "_supply",
            "offset": 0,
            "slot": "113",
            "type": "t_uint256",
            "contract": "Coin11",
            "src": "contracts\\TokenV3.sol:1299"
          },
          {
            "label": "liquidityTaxWallet",
            "offset": 0,
            "slot": "114",
            "type": "t_address_payable",
            "contract": "Coin11",
            "src": "contracts\\TokenV3.sol:1301"
          },
          {
            "label": "marketingTaxWallet",
            "offset": 0,
            "slot": "115",
            "type": "t_address_payable",
            "contract": "Coin11",
            "src": "contracts\\TokenV3.sol:1303"
          },
          {
            "label": "blacklist",
            "offset": 0,
            "slot": "116",
            "type": "t_mapping(t_address,t_bool)",
            "contract": "Coin11",
            "src": "contracts\\TokenV3.sol:1307"
          },
          {
            "label": "excludeList",
            "offset": 0,
            "slot": "117",
            "type": "t_mapping(t_address,t_bool)",
            "contract": "Coin11",
            "src": "contracts\\TokenV3.sol:1308"
          },
          {
            "label": "buyTaxes",
            "offset": 0,
            "slot": "118",
            "type": "t_mapping(t_string_memory_ptr,t_uint256)",
            "contract": "Coin11",
            "src": "contracts\\TokenV3.sol:1310"
          },
          {
            "label": "sellTaxes",
            "offset": 0,
            "slot": "119",
            "type": "t_mapping(t_string_memory_ptr,t_uint256)",
            "contract": "Coin11",
            "src": "contracts\\TokenV3.sol:1311"
          },
          {
            "label": "taxWallets",
            "offset": 0,
            "slot": "120",
            "type": "t_address_payable",
            "contract": "Coin11",
            "src": "contracts\\TokenV3.sol:1312"
          },
          {
            "label": "taxStatus",
            "offset": 20,
            "slot": "120",
            "type": "t_bool",
            "contract": "Coin11",
            "src": "contracts\\TokenV3.sol:1315"
          },
          {
            "label": "uniswapV2Router02",
            "offset": 0,
            "slot": "121",
            "type": "t_contract(IUniswapV2Router02)5657",
            "contract": "Coin11",
            "src": "contracts\\TokenV3.sol:1317"
          },
          {
            "label": "uniswapV2Factory",
            "offset": 0,
            "slot": "122",
            "type": "t_contract(IUniswapV2Factory)5026",
            "contract": "Coin11",
            "src": "contracts\\TokenV3.sol:1318"
          },
          {
            "label": "uniswapV2Pair",
            "offset": 0,
            "slot": "123",
            "type": "t_contract(IUniswapV2Pair)5266",
            "contract": "Coin11",
            "src": "contracts\\TokenV3.sol:1319"
          },
          {
            "label": "marketingTokens",
            "offset": 0,
            "slot": "124",
            "type": "t_uint256",
            "contract": "Coin11",
            "src": "contracts\\TokenV3.sol:1346"
          },
          {
            "label": "liquidityTokens",
            "offset": 0,
            "slot": "125",
            "type": "t_uint256",
            "contract": "Coin11",
            "src": "contracts\\TokenV3.sol:1347"
          }
        ],
        "types": {
          "t_address": {
            "label": "address",
            "numberOfBytes": "20"
          },
          "t_address_payable": {
            "label": "address payable",
            "numberOfBytes": "20"
          },
          "t_array(t_uint256)49_storage": {
            "label": "uint256[49]",
            "numberOfBytes": "1568"
          },
          "t_array(t_uint256)50_storage": {
            "label": "uint256[50]",
            "numberOfBytes": "1600"
          },
          "t_bool": {
            "label": "bool",
            "numberOfBytes": "1"
          },
          "t_contract(IUniswapV2Factory)5026": {
            "label": "contract IUniswapV2Factory",
            "numberOfBytes": "20"
          },
          "t_contract(IUniswapV2Pair)5266": {
            "label": "contract IUniswapV2Pair",
            "numberOfBytes": "20"
          },
          "t_contract(IUniswapV2Router02)5657": {
            "label": "contract IUniswapV2Router02",
            "numberOfBytes": "20"
          },
          "t_mapping(t_address,t_bool)": {
            "label": "mapping(address => bool)",
            "numberOfBytes": "32"
          },
          "t_mapping(t_address,t_mapping(t_address,t_uint256))": {
            "label": "mapping(address => mapping(address => uint256))",
            "numberOfBytes": "32"
          },
          "t_mapping(t_address,t_uint256)": {
            "label": "mapping(address => uint256)",
            "numberOfBytes": "32"
          },
          "t_mapping(t_string_memory_ptr,t_uint256)": {
            "label": "mapping(string => uint256)",
            "numberOfBytes": "32"
          },
          "t_string_memory_ptr": {
            "label": "string",
            "numberOfBytes": "32"
          },
          "t_string_storage": {
            "label": "string",
            "numberOfBytes": "32"
          },
          "t_uint256": {
            "label": "uint256",
            "numberOfBytes": "32"
          },
          "t_uint8": {
            "label": "uint8",
            "numberOfBytes": "1"
          }
        }
      }
    },
    "4ec52ed5d3483131386e1a237d448fe0e12da43581b63b262b7c976b066211d9": {
      "address": "0xa1CB68680b565f07E80183d8ef488ef6f7a5ad5e",
      "txHash": "0x0b86d1e263395997d9c4f611cda53ff6054cc94843ddccd79634b9145e82be16",
      "layout": {
        "storage": [
          {
            "label": "_initialized",
            "offset": 0,
            "slot": "0",
            "type": "t_uint8",
            "contract": "Initializable",
            "src": "contracts\\TokenV3.sol:523",
            "retypedFrom": "bool"
          },
          {
            "label": "_initializing",
            "offset": 1,
            "slot": "0",
            "type": "t_bool",
            "contract": "Initializable",
            "src": "contracts\\TokenV3.sol:528"
          },
          {
            "label": "__gap",
            "offset": 0,
            "slot": "1",
            "type": "t_array(t_uint256)50_storage",
            "contract": "ContextUpgradeable",
            "src": "contracts\\TokenV3.sol:630"
          },
          {
            "label": "_owner",
            "offset": 0,
            "slot": "51",
            "type": "t_address",
            "contract": "OwnableUpgradeable",
            "src": "contracts\\TokenV3.sol:645"
          },
          {
            "label": "__gap",
            "offset": 0,
            "slot": "52",
            "type": "t_array(t_uint256)49_storage",
            "contract": "OwnableUpgradeable",
            "src": "contracts\\TokenV3.sol:710"
          },
          {
            "label": "_balances",
            "offset": 0,
            "slot": "101",
            "type": "t_mapping(t_address,t_uint256)",
            "contract": "BEP20",
            "src": "contracts\\TokenV3.sol:741"
          },
          {
            "label": "_allowances",
            "offset": 0,
            "slot": "102",
            "type": "t_mapping(t_address,t_mapping(t_address,t_uint256))",
            "contract": "BEP20",
            "src": "contracts\\TokenV3.sol:743"
          },
          {
            "label": "_totalSupply",
            "offset": 0,
            "slot": "103",
            "type": "t_uint256",
            "contract": "BEP20",
            "src": "contracts\\TokenV3.sol:745"
          },
          {
            "label": "_name",
            "offset": 0,
            "slot": "104",
            "type": "t_string_storage",
            "contract": "BEP20",
            "src": "contracts\\TokenV3.sol:747"
          },
          {
            "label": "_symbol",
            "offset": 0,
            "slot": "105",
            "type": "t_string_storage",
            "contract": "BEP20",
            "src": "contracts\\TokenV3.sol:748"
          },
          {
            "label": "initialSupply",
            "offset": 0,
            "slot": "106",
            "type": "t_uint256",
            "contract": "Coin11",
            "src": "contracts\\TokenV3.sol:1288"
          },
          {
            "label": "denominator",
            "offset": 0,
            "slot": "107",
            "type": "t_uint256",
            "contract": "Coin11",
            "src": "contracts\\TokenV3.sol:1290"
          },
          {
            "label": "swapThreshold",
            "offset": 0,
            "slot": "108",
            "type": "t_uint256",
            "contract": "Coin11",
            "src": "contracts\\TokenV3.sol:1292"
          },
          {
            "label": "marketingTaxBuy",
            "offset": 0,
            "slot": "109",
            "type": "t_uint256",
            "contract": "Coin11",
            "src": "contracts\\TokenV3.sol:1294"
          },
          {
            "label": "liquidityTaxBuy",
            "offset": 0,
            "slot": "110",
            "type": "t_uint256",
            "contract": "Coin11",
            "src": "contracts\\TokenV3.sol:1295"
          },
          {
            "label": "marketingTaxSell",
            "offset": 0,
            "slot": "111",
            "type": "t_uint256",
            "contract": "Coin11",
            "src": "contracts\\TokenV3.sol:1297"
          },
          {
            "label": "liquidityTaxSell",
            "offset": 0,
            "slot": "112",
            "type": "t_uint256",
            "contract": "Coin11",
            "src": "contracts\\TokenV3.sol:1298"
          },
          {
            "label": "_supply",
            "offset": 0,
            "slot": "113",
            "type": "t_uint256",
            "contract": "Coin11",
            "src": "contracts\\TokenV3.sol:1299"
          },
          {
            "label": "liquidityTaxWallet",
            "offset": 0,
            "slot": "114",
            "type": "t_address_payable",
            "contract": "Coin11",
            "src": "contracts\\TokenV3.sol:1301"
          },
          {
            "label": "marketingTaxWallet",
            "offset": 0,
            "slot": "115",
            "type": "t_address_payable",
            "contract": "Coin11",
            "src": "contracts\\TokenV3.sol:1303"
          },
          {
            "label": "blacklist",
            "offset": 0,
            "slot": "116",
            "type": "t_mapping(t_address,t_bool)",
            "contract": "Coin11",
            "src": "contracts\\TokenV3.sol:1307"
          },
          {
            "label": "excludeList",
            "offset": 0,
            "slot": "117",
            "type": "t_mapping(t_address,t_bool)",
            "contract": "Coin11",
            "src": "contracts\\TokenV3.sol:1308"
          },
          {
            "label": "buyTaxes",
            "offset": 0,
            "slot": "118",
            "type": "t_mapping(t_string_memory_ptr,t_uint256)",
            "contract": "Coin11",
            "src": "contracts\\TokenV3.sol:1310"
          },
          {
            "label": "sellTaxes",
            "offset": 0,
            "slot": "119",
            "type": "t_mapping(t_string_memory_ptr,t_uint256)",
            "contract": "Coin11",
            "src": "contracts\\TokenV3.sol:1311"
          },
          {
            "label": "taxWallets",
            "offset": 0,
            "slot": "120",
            "type": "t_address_payable",
            "contract": "Coin11",
            "src": "contracts\\TokenV3.sol:1312"
          },
          {
            "label": "taxStatus",
            "offset": 20,
            "slot": "120",
            "type": "t_bool",
            "contract": "Coin11",
            "src": "contracts\\TokenV3.sol:1315"
          },
          {
            "label": "uniswapV2Router02",
            "offset": 0,
            "slot": "121",
            "type": "t_contract(IUniswapV2Router02)5657",
            "contract": "Coin11",
            "src": "contracts\\TokenV3.sol:1317"
          },
          {
            "label": "uniswapV2Factory",
            "offset": 0,
            "slot": "122",
            "type": "t_contract(IUniswapV2Factory)5026",
            "contract": "Coin11",
            "src": "contracts\\TokenV3.sol:1318"
          },
          {
            "label": "uniswapV2Pair",
            "offset": 0,
            "slot": "123",
            "type": "t_contract(IUniswapV2Pair)5266",
            "contract": "Coin11",
            "src": "contracts\\TokenV3.sol:1319"
          },
          {
            "label": "marketingTokens",
            "offset": 0,
            "slot": "124",
            "type": "t_uint256",
            "contract": "Coin11",
            "src": "contracts\\TokenV3.sol:1347"
          },
          {
            "label": "liquidityTokens",
            "offset": 0,
            "slot": "125",
            "type": "t_uint256",
            "contract": "Coin11",
            "src": "contracts\\TokenV3.sol:1348"
          }
        ],
        "types": {
          "t_address": {
            "label": "address",
            "numberOfBytes": "20"
          },
          "t_address_payable": {
            "label": "address payable",
            "numberOfBytes": "20"
          },
          "t_array(t_uint256)49_storage": {
            "label": "uint256[49]",
            "numberOfBytes": "1568"
          },
          "t_array(t_uint256)50_storage": {
            "label": "uint256[50]",
            "numberOfBytes": "1600"
          },
          "t_bool": {
            "label": "bool",
            "numberOfBytes": "1"
          },
          "t_contract(IUniswapV2Factory)5026": {
            "label": "contract IUniswapV2Factory",
            "numberOfBytes": "20"
          },
          "t_contract(IUniswapV2Pair)5266": {
            "label": "contract IUniswapV2Pair",
            "numberOfBytes": "20"
          },
          "t_contract(IUniswapV2Router02)5657": {
            "label": "contract IUniswapV2Router02",
            "numberOfBytes": "20"
          },
          "t_mapping(t_address,t_bool)": {
            "label": "mapping(address => bool)",
            "numberOfBytes": "32"
          },
          "t_mapping(t_address,t_mapping(t_address,t_uint256))": {
            "label": "mapping(address => mapping(address => uint256))",
            "numberOfBytes": "32"
          },
          "t_mapping(t_address,t_uint256)": {
            "label": "mapping(address => uint256)",
            "numberOfBytes": "32"
          },
          "t_mapping(t_string_memory_ptr,t_uint256)": {
            "label": "mapping(string => uint256)",
            "numberOfBytes": "32"
          },
          "t_string_memory_ptr": {
            "label": "string",
            "numberOfBytes": "32"
          },
          "t_string_storage": {
            "label": "string",
            "numberOfBytes": "32"
          },
          "t_uint256": {
            "label": "uint256",
            "numberOfBytes": "32"
          },
          "t_uint8": {
            "label": "uint8",
            "numberOfBytes": "1"
          }
        }
      }
    }
  }
}
